,open,high,low,close,volume,amount,timestamp,window_id,window_start,window_end
0,426.92242,440.0305,392.74704,432.38245,212336.28,10854117000.0,2021-08-16,0,2020-01-02,2021-08-13
1,433.01654,445.26794,429.4462,440.58337,204104.47,10642332000.0,2021-08-17,0,2020-01-02,2021-08-13
2,449.7267,463.56363,449.10455,460.11526,224435.66,11872238000.0,2021-08-18,0,2020-01-02,2021-08-13
3,468.15762,479.9673,454.51147,456.55756,164123.19,8610326000.0,2021-08-19,0,2020-01-02,2021-08-13
4,470.56137,482.02106,454.58344,454.9259,174445.11,9129822000.0,2021-08-20,0,2020-01-02,2021-08-13
5,411.4593,443.62726,385.60394,436.92865,320802.4,16425818000.0,2021-08-23,0,2020-01-02,2021-08-13
6,443.42413,480.5432,436.04602,477.98538,411165.34,22075736000.0,2021-08-24,0,2020-01-02,2021-08-13
7,469.947,467.60358,468.24945,466.2467,278766.16,14332737000.0,2021-08-25,0,2020-01-02,2021-08-13
8,468.11548,516.1581,469.89508,492.6473,364729.72,19019334000.0,2021-08-26,0,2020-01-02,2021-08-13
9,487.377,506.08755,482.00064,493.1746,263647.88,14027293000.0,2021-08-27,0,2020-01-02,2021-08-13
10,481.5292,536.3985,472.7405,502.0418,229176.16,12118493000.0,2021-08-30,0,2020-01-02,2021-08-13
11,510.36255,525.1939,505.41183,519.65,179821.38,9307232000.0,2021-08-31,0,2020-01-02,2021-08-13
12,517.48315,520.2686,499.39777,503.19922,262276.8,13822822000.0,2021-09-01,0,2020-01-02,2021-08-13
13,496.52182,514.9116,493.9977,505.79886,417773.06,21499763000.0,2021-09-02,0,2020-01-02,2021-08-13
14,512.88104,526.443,507.76337,520.5607,223939.97,11676143000.0,2021-09-03,0,2020-01-02,2021-08-13
15,521.22687,523.1242,513.2073,512.1491,219470.64,11533146000.0,2021-09-06,0,2020-01-02,2021-08-13
16,511.13696,518.7592,506.36118,513.21716,201373.92,10481196000.0,2021-09-07,0,2020-01-02,2021-08-13
17,512.46405,521.5295,512.3866,516.57294,388731.5,20832252000.0,2021-09-08,0,2020-01-02,2021-08-13
18,524.4165,549.71356,514.5182,533.4915,1052262.4,57730750000.0,2021-09-09,0,2020-01-02,2021-08-13
19,533.7693,543.20667,525.45013,534.06464,241330.19,12510789000.0,2021-09-10,0,2020-01-02,2021-08-13
20,536.8029,572.6221,531.0218,556.9746,471463.53,24227398000.0,2021-09-13,0,2020-01-02,2021-08-13
21,559.3448,562.06854,534.9659,537.0028,405369.94,21818409000.0,2021-09-14,0,2020-01-02,2021-08-13
22,539.31714,562.1757,543.63855,561.4114,474274.66,26223325000.0,2021-09-15,0,2020-01-02,2021-08-13
23,548.8663,550.1411,517.547,524.8064,329610.9,17474228000.0,2021-09-16,0,2020-01-02,2021-08-13
24,527.3068,539.92596,515.0193,527.2095,447733.6,23941060000.0,2021-09-17,0,2020-01-02,2021-08-13
25,509.81372,532.0308,489.3818,497.97064,203378.67,10631222000.0,2021-09-20,0,2020-01-02,2021-08-13
26,518.73224,539.1936,522.3252,535.3364,206069.56,10935117000.0,2021-09-21,0,2020-01-02,2021-08-13
27,535.7488,562.6942,533.0402,555.0929,261098.88,13746891000.0,2021-09-23,0,2020-01-02,2021-08-13
28,559.87213,569.15063,553.203,562.4419,163329.23,8260251000.0,2021-09-24,0,2020-01-02,2021-08-13
29,549.2994,573.8464,533.9676,537.2824,311353.22,16463805000.0,2021-09-27,0,2020-01-02,2021-08-13
30,525.9613,540.9708,506.0307,528.4751,328907.56,17315700000.0,2021-09-28,0,2020-01-02,2021-08-13
31,529.0387,558.7258,526.2193,552.5483,310703.25,16419052000.0,2021-09-29,0,2020-01-02,2021-08-13
32,552.6053,564.1987,545.67896,563.5759,383340.25,20717582000.0,2021-09-30,0,2020-01-02,2021-08-13
33,566.7262,577.42175,543.9954,553.7896,261099.69,13815451000.0,2021-10-04,0,2020-01-02,2021-08-13
34,552.65985,576.30115,534.5872,553.6284,344234.25,18504655000.0,2021-10-05,0,2020-01-02,2021-08-13
35,571.1816,600.1168,563.3208,567.4078,321798.25,16966269000.0,2021-10-06,0,2020-01-02,2021-08-13
36,574.7695,590.9855,568.5172,584.1978,208802.4,10830022000.0,2021-10-07,0,2020-01-02,2021-08-13
37,585.90564,603.4243,578.95544,594.3076,248278.47,12882654000.0,2021-10-08,0,2020-01-02,2021-08-13
38,597.6055,595.46857,569.4698,569.86816,306069.22,16433806000.0,2021-10-11,0,2020-01-02,2021-08-13
39,572.7176,583.5758,565.9441,576.936,192926.9,9988767000.0,2021-10-12,0,2020-01-02,2021-08-13
40,578.7037,599.57404,561.29675,560.3985,272982.0,14481925000.0,2021-10-15,0,2020-01-02,2021-08-13
41,558.24774,590.5573,542.9,582.7951,769522.6,39734240000.0,2021-10-18,0,2020-01-02,2021-08-13
42,569.91223,575.2053,554.98175,560.728,227419.05,11826859000.0,2021-10-19,0,2020-01-02,2021-08-13
43,556.2177,562.41156,545.9066,549.9634,154652.67,7945118000.0,2021-10-20,0,2020-01-02,2021-08-13
44,551.42206,560.6195,546.3341,554.49506,146355.48,7465983000.0,2021-10-21,0,2020-01-02,2021-08-13
45,555.4812,561.7863,548.6344,554.422,165904.25,8599678000.0,2021-10-22,0,2020-01-02,2021-08-13
46,555.71515,562.1319,549.3695,555.276,167008.83,8644050000.0,2021-10-25,0,2020-01-02,2021-08-13
47,564.52893,565.46875,550.6996,553.86255,293406.2,15463422000.0,2021-10-26,0,2020-01-02,2021-08-13
48,564.8287,566.3733,551.5244,555.4835,311610.56,16435400000.0,2021-10-27,0,2020-01-02,2021-08-13
49,547.9871,577.4127,532.96985,547.93207,297863.72,16016819000.0,2021-10-28,0,2020-01-02,2021-08-13
50,552.64667,556.3437,541.7809,546.8032,170581.25,8921437000.0,2021-10-29,0,2020-01-02,2021-08-13
51,546.7213,550.7335,538.13763,543.0087,164145.5,8538728400.0,2021-11-01,0,2020-01-02,2021-08-13
52,545.03076,566.8219,531.10095,529.9435,254302.06,13458730000.0,2021-11-02,0,2020-01-02,2021-08-13
53,533.6268,547.6554,532.6466,543.7907,133319.12,6795386000.0,2021-11-03,0,2020-01-02,2021-08-13
54,545.87134,560.59406,542.8474,556.45496,170264.17,8836653000.0,2021-11-04,0,2020-01-02,2021-08-13
55,556.3332,556.80804,538.2528,540.7425,181550.52,9433313000.0,2021-11-05,0,2020-01-02,2021-08-13
56,542.3034,543.39874,532.64703,534.02344,192985.84,9965009000.0,2021-11-08,0,2020-01-02,2021-08-13
57,537.7915,542.5472,529.8807,534.74695,187110.25,9735886000.0,2021-11-09,0,2020-01-02,2021-08-13
58,535.88965,567.21655,530.89307,535.9934,265707.94,14060643000.0,2021-11-10,0,2020-01-02,2021-08-13
59,540.7236,549.0916,530.91534,537.63727,267569.0,14141040000.0,2021-11-11,0,2020-01-02,2021-08-13
60,519.46173,521.2576,514.62756,516.107,253718.52,13073802000.0,2021-11-12,0,2020-01-02,2021-08-13
61,514.1177,532.9596,502.5293,514.2071,353997.5,18505701000.0,2021-11-15,0,2020-01-02,2021-08-13
62,516.5881,536.1965,489.47147,518.1391,979085.0,53446144000.0,2021-11-16,0,2020-01-02,2021-08-13
63,513.8154,536.6648,502.08533,499.21716,258488.08,13717613000.0,2021-11-17,0,2020-01-02,2021-08-13
64,498.38412,522.9146,497.2905,516.6413,283991.56,14928823000.0,2021-11-18,0,2020-01-02,2021-08-13
65,520.6229,526.0737,514.071,518.7151,180062.38,9340188000.0,2021-11-19,0,2020-01-02,2021-08-13
66,500.55478,518.23553,419.0251,510.08765,317675.06,16949105000.0,2021-11-22,0,2020-01-02,2021-08-13
67,509.1576,510.77628,482.08386,490.11713,299066.34,15773384000.0,2021-11-23,0,2020-01-02,2021-08-13
68,491.41473,503.55368,480.23978,501.90747,194528.64,10077655000.0,2021-11-24,0,2020-01-02,2021-08-13
69,507.31625,533.56525,500.8956,513.3778,423336.12,22789900000.0,2021-11-25,0,2020-01-02,2021-08-13
70,517.78973,540.07587,512.9078,533.73596,307885.72,16242961000.0,2021-11-26,0,2020-01-02,2021-08-13
71,536.8053,545.15875,530.2511,536.7758,257592.89,13420922000.0,2021-11-29,0,2020-01-02,2021-08-13
72,534.23346,556.8911,526.9424,543.708,358571.47,19126878000.0,2021-11-30,0,2020-01-02,2021-08-13
73,549.87134,562.23486,544.67834,556.9744,196541.36,10246162000.0,2021-12-01,0,2020-01-02,2021-08-13
74,553.77515,571.5325,541.71814,556.46625,414773.84,21711630000.0,2021-12-02,0,2020-01-02,2021-08-13
75,561.9858,565.9246,559.33234,558.9563,213936.72,11315729000.0,2021-12-03,0,2020-01-02,2021-08-13
76,544.5383,568.663,526.657,526.616,236320.9,12313503000.0,2021-12-06,0,2020-01-02,2021-08-13
77,529.6006,542.7564,515.0397,531.7728,870498.25,47170175000.0,2021-12-07,0,2020-01-02,2021-08-13
78,534.3553,551.17114,529.5245,543.72437,232364.12,12064336000.0,2021-12-08,0,2020-01-02,2021-08-13
79,541.94653,546.0213,533.37256,538.4422,176698.17,9229812000.0,2021-12-09,0,2020-01-02,2021-08-13
80,540.0687,544.98596,531.36926,536.2689,237729.97,12510381000.0,2021-12-10,0,2020-01-02,2021-08-13
81,517.2341,524.96027,510.1198,522.4411,327963.5,17259864000.0,2021-12-13,0,2020-01-02,2021-08-13
82,514.4517,534.2872,484.6611,522.3868,1044399.1,57300197000.0,2021-12-14,0,2020-01-02,2021-08-13
83,517.00476,556.8765,503.76688,525.8848,341358.3,18564555000.0,2021-12-15,0,2020-01-02,2021-08-13
84,529.98914,535.30096,512.68506,519.1262,286219.0,15139920000.0,2021-12-16,0,2020-01-02,2021-08-13
85,520.1015,524.92236,502.669,507.54742,276316.97,14545514000.0,2021-12-17,0,2020-01-02,2021-08-13
86,512.92584,520.5643,509.07367,515.68396,184971.7,9605996000.0,2021-12-20,0,2020-01-02,2021-08-13
87,520.383,524.2867,517.91754,519.31885,186344.1,9833280000.0,2021-12-21,0,2020-01-02,2021-08-13
88,519.8444,530.97986,516.97406,526.72906,206483.72,10786109000.0,2021-12-22,0,2020-01-02,2021-08-13
89,506.45547,554.05524,482.52597,524.5664,301132.2,16374611000.0,2021-12-23,0,2020-01-02,2021-08-13
90,526.5445,530.69604,515.69995,520.5514,174018.92,9178290000.0,2021-12-24,0,2020-01-02,2021-08-13
91,523.03284,525.43475,512.1087,514.80334,191187.52,10006408000.0,2021-12-28,0,2020-01-02,2021-08-13
92,501.67874,543.97394,474.96155,504.15732,228648.31,12255666000.0,2021-12-29,0,2020-01-02,2021-08-13
93,520.35175,525.4364,498.45325,500.65945,240048.05,12817526000.0,2021-12-30,0,2020-01-02,2021-08-13
94,505.1717,513.7228,504.05573,508.16287,151532.4,7973208600.0,2021-12-31,0,2020-01-02,2021-08-13
95,502.62054,535.62274,493.5844,508.76605,276898.47,15112112000.0,2022-01-03,0,2020-01-02,2021-08-13
96,516.5234,519.29193,502.61612,506.09576,227742.25,12030788000.0,2022-01-04,0,2020-01-02,2021-08-13
97,453.5584,532.0077,447.81088,489.29593,300088.6,16401786000.0,2022-01-05,0,2020-01-02,2021-08-13
98,500.59433,508.68076,489.75015,497.6117,197683.19,10375384000.0,2022-01-06,0,2020-01-02,2021-08-13
99,500.8323,507.16983,491.26047,494.92294,272631.6,14614025000.0,2022-01-07,0,2020-01-02,2021-08-13
100,385.88208,412.23608,386.45767,415.4001,238281.25,12553532000.0,2022-01-10,1,2020-05-29,2022-01-07
101,345.96735,406.26422,352.5324,406.7286,426192.34,22789972000.0,2022-01-11,1,2020-05-29,2022-01-07
102,359.58923,407.2798,351.35803,410.1515,350973.47,18853580000.0,2022-01-12,1,2020-05-29,2022-01-07
103,421.10712,538.1822,418.62982,524.38495,1065037.8,58944800000.0,2022-01-13,1,2020-05-29,2022-01-07
104,537.6054,559.5515,520.02313,537.9618,764406.0,42110140000.0,2022-01-14,1,2020-05-29,2022-01-07
105,537.15717,546.0022,508.06653,518.56934,632958.4,34995773000.0,2022-01-17,1,2020-05-29,2022-01-07
106,521.4131,537.4071,504.6736,522.2497,440279.8,23746998000.0,2022-01-18,1,2020-05-29,2022-01-07
107,513.74664,528.7377,501.66626,515.8039,464069.53,25042060000.0,2022-01-19,1,2020-05-29,2022-01-07
108,516.9281,522.9865,506.96024,514.1672,220915.44,12142323000.0,2022-01-20,1,2020-05-29,2022-01-07
109,519.74176,523.2369,510.94077,514.7757,365097.88,20215560000.0,2022-01-21,1,2020-05-29,2022-01-07
110,542.4941,554.83966,470.3608,514.3052,854346.9,45867217000.0,2022-01-24,1,2020-05-29,2022-01-07
111,510.4114,520.1952,483.3388,497.46014,540773.5,29778690000.0,2022-01-25,1,2020-05-29,2022-01-07
112,494.84744,504.64954,480.9391,490.91116,465243.03,25469160000.0,2022-01-26,1,2020-05-29,2022-01-07
113,493.80637,498.8042,486.40857,489.9451,240906.25,13098478000.0,2022-01-27,1,2020-05-29,2022-01-07
114,495.39447,499.52002,473.46674,477.35083,280540.06,15342826000.0,2022-01-28,1,2020-05-29,2022-01-07
115,485.3938,492.96414,440.37033,487.73462,300841.28,16250622000.0,2022-01-31,1,2020-05-29,2022-01-07
116,483.60217,499.14426,478.1329,495.79456,175865.3,9702397000.0,2022-02-04,1,2020-05-29,2022-01-07
117,497.13385,502.21072,489.94443,494.565,285636.06,15576257000.0,2022-02-07,1,2020-05-29,2022-01-07
118,506.08746,513.91284,499.61157,507.63898,319362.0,17501202000.0,2022-02-08,1,2020-05-29,2022-01-07
119,497.81506,496.52713,495.99597,491.63885,296271.1,15789729000.0,2022-02-09,1,2020-05-29,2022-01-07
120,498.72833,505.9505,494.41013,499.17075,218011.0,12044126000.0,2022-02-10,1,2020-05-29,2022-01-07
121,502.91302,509.39896,499.24887,504.11664,202546.0,11082330000.0,2022-02-11,1,2020-05-29,2022-01-07
122,476.78058,516.7531,437.32697,494.3027,337736.5,18800691000.0,2022-02-14,1,2020-05-29,2022-01-07
123,499.52774,521.317,494.2589,515.1345,260973.47,14299454000.0,2022-02-15,1,2020-05-29,2022-01-07
124,516.522,518.7818,505.83112,508.919,204060.36,11167802000.0,2022-02-16,1,2020-05-29,2022-01-07
125,517.9126,548.25946,502.1452,524.41034,298186.78,16585974000.0,2022-02-17,1,2020-05-29,2022-01-07
126,528.8617,539.77,520.9282,532.68195,328348.28,17966529000.0,2022-02-18,1,2020-05-29,2022-01-07
127,540.4782,558.4308,465.5533,539.68005,915259.1,50621235000.0,2022-02-21,1,2020-05-29,2022-01-07
128,510.5289,521.1312,499.16913,515.1529,459165.94,25535742000.0,2022-02-22,1,2020-05-29,2022-01-07
129,516.79065,529.45306,501.19308,514.8041,393704.3,21348344000.0,2022-02-23,1,2020-05-29,2022-01-07
130,516.83685,522.7951,503.57257,508.68768,309089.06,17125877000.0,2022-02-24,1,2020-05-29,2022-01-07
131,513.4502,518.2613,506.20908,510.73862,214470.73,11709381000.0,2022-02-25,1,2020-05-29,2022-01-07
132,511.64108,515.8182,500.63806,503.27322,288710.6,15669488000.0,2022-02-28,1,2020-05-29,2022-01-07
133,507.3987,516.4929,502.16574,510.46338,281356.16,15352520000.0,2022-03-01,1,2020-05-29,2022-01-07
134,511.96915,547.52386,474.17358,512.471,311715.3,17244970000.0,2022-03-02,1,2020-05-29,2022-01-07
135,518.0427,524.0842,498.84055,507.9876,294644.3,15949287000.0,2022-03-03,1,2020-05-29,2022-01-07
136,494.63602,530.9315,488.88788,511.5038,404075.56,22302204000.0,2022-03-04,1,2020-05-29,2022-01-07
137,492.37744,496.91687,466.05267,470.8022,549619.0,29735514000.0,2022-03-07,1,2020-05-29,2022-01-07
138,469.15753,481.79892,442.45804,471.16785,325318.28,17521138000.0,2022-03-08,1,2020-05-29,2022-01-07
139,448.87857,482.41058,428.98776,476.16455,293934.7,15750295000.0,2022-03-09,1,2020-05-29,2022-01-07
140,484.33563,486.58817,474.66095,476.6095,207873.34,11459072000.0,2022-03-10,1,2020-05-29,2022-01-07
141,455.20724,483.30832,434.68082,476.60333,274596.3,14846231000.0,2022-03-11,1,2020-05-29,2022-01-07
142,467.37485,465.3468,443.77518,444.5617,245550.53,13687780000.0,2022-03-14,1,2020-05-29,2022-01-07
143,444.03937,445.30847,421.9834,425.49777,279214.72,15205380000.0,2022-03-15,1,2020-05-29,2022-01-07
144,424.8485,441.21918,422.43094,438.44733,165631.88,8894687000.0,2022-03-16,1,2020-05-29,2022-01-07
145,439.0851,439.31702,425.0013,426.04175,180620.69,9802421000.0,2022-03-17,1,2020-05-29,2022-01-07
146,427.3238,429.5997,420.2647,421.70932,143057.38,7729323000.0,2022-03-18,1,2020-05-29,2022-01-07
147,383.18756,430.258,365.67706,422.46832,300344.25,15994332000.0,2022-03-21,1,2020-05-29,2022-01-07
148,422.69418,441.0608,422.02585,439.83173,148879.25,8281220000.0,2022-03-22,1,2020-05-29,2022-01-07
149,434.09622,461.08856,422.90573,434.4485,256455.95,13989896000.0,2022-03-23,1,2020-05-29,2022-01-07
150,440.52612,451.79993,438.1078,449.152,151178.31,8300378600.0,2022-03-24,1,2020-05-29,2022-01-07
151,439.4995,466.39822,434.99442,445.00003,217179.52,11815549000.0,2022-03-25,1,2020-05-29,2022-01-07
152,407.3232,442.85767,408.81506,426.01004,226320.25,12185989000.0,2022-03-28,1,2020-05-29,2022-01-07
153,429.76245,436.02087,410.5704,418.99457,302596.28,16400969000.0,2022-03-29,1,2020-05-29,2022-01-07
154,432.5763,477.0068,427.5003,457.0724,330168.12,17611753000.0,2022-03-30,1,2020-05-29,2022-01-07
155,450.37607,454.7783,448.87692,451.32422,305488.7,15972778000.0,2022-03-31,1,2020-05-29,2022-01-07
156,453.3912,466.39813,448.80957,462.72314,200267.25,11004891000.0,2022-04-01,1,2020-05-29,2022-01-07
157,472.06546,483.49103,471.39697,480.10773,215201.72,11847967000.0,2022-04-04,1,2020-05-29,2022-01-07
158,486.83508,493.687,485.20966,488.91226,210671.77,11604051000.0,2022-04-06,1,2020-05-29,2022-01-07
159,489.29822,494.14267,480.7144,487.30008,191533.61,10568702000.0,2022-04-07,1,2020-05-29,2022-01-07
160,486.67047,489.41214,478.9756,482.25677,96538.34,5343038000.0,2022-04-08,1,2020-05-29,2022-01-07
161,481.27402,483.2657,472.81885,475.45132,139292.17,7569659000.0,2022-04-11,1,2020-05-29,2022-01-07
162,478.18228,484.32773,474.8016,478.86713,164344.5,8964924000.0,2022-04-12,1,2020-05-29,2022-01-07
163,479.65756,482.37497,473.06805,475.93646,114492.69,6229271600.0,2022-04-13,1,2020-05-29,2022-01-07
164,484.60638,493.70386,472.2188,471.91925,151843.36,8377449000.0,2022-04-14,1,2020-05-29,2022-01-07
165,474.05093,477.71857,468.72052,470.5099,124149.35,6787334000.0,2022-04-19,1,2020-05-29,2022-01-07
166,475.6531,498.84604,475.32236,494.97867,261375.36,14219907000.0,2022-04-20,1,2020-05-29,2022-01-07
167,495.56543,497.1957,486.90256,490.83688,157316.1,8649881000.0,2022-04-21,1,2020-05-29,2022-01-07
168,491.29938,494.80484,480.79657,491.94595,168078.78,9186481000.0,2022-04-22,1,2020-05-29,2022-01-07
169,496.44223,500.20096,493.47397,496.08496,131528.56,7375954400.0,2022-04-25,1,2020-05-29,2022-01-07
170,496.0192,499.27884,493.36136,495.7318,92957.3,5080662000.0,2022-04-26,1,2020-05-29,2022-01-07
171,501.04373,507.7683,488.1664,489.55176,128406.36,7177592000.0,2022-04-27,1,2020-05-29,2022-01-07
172,486.5623,493.7681,474.84998,483.27795,104390.5,5544225000.0,2022-04-28,1,2020-05-29,2022-01-07
173,483.0746,487.20035,477.92273,481.53308,98218.97,5359037000.0,2022-04-29,1,2020-05-29,2022-01-07
174,483.8759,489.87677,481.76685,486.50604,108323.67,6026040000.0,2022-05-03,1,2020-05-29,2022-01-07
175,487.6424,492.01022,484.52057,489.10068,90760.36,5172455000.0,2022-05-04,1,2020-05-29,2022-01-07
176,486.85693,487.97595,479.25864,480.83963,122051.016,6622371000.0,2022-05-05,1,2020-05-29,2022-01-07
177,481.79422,484.86432,477.72363,480.49652,98643.45,5358217000.0,2022-05-06,1,2020-05-29,2022-01-07
178,482.24994,488.55267,480.6056,486.80658,88005.83,5024430600.0,2022-05-10,1,2020-05-29,2022-01-07
179,485.4102,486.87686,479.4742,481.17203,91632.7,5022351000.0,2022-05-11,1,2020-05-29,2022-01-07
180,483.3857,488.92734,481.75406,486.0513,103152.28,5748726000.0,2022-05-12,1,2020-05-29,2022-01-07
181,485.41254,485.35614,469.01694,477.80692,156208.52,8623787000.0,2022-05-13,1,2020-05-29,2022-01-07
182,469.031,468.5163,450.1887,449.8148,183749.16,10077475000.0,2022-05-16,1,2020-05-29,2022-01-07
183,445.03442,456.9379,439.9484,452.5371,204103.11,10899578000.0,2022-05-17,1,2020-05-29,2022-01-07
184,458.04633,459.8294,440.29974,441.95087,142328.73,7517832000.0,2022-05-18,1,2020-05-29,2022-01-07
185,445.79968,445.6499,432.77985,433.21313,157162.1,8497086500.0,2022-05-19,1,2020-05-29,2022-01-07
186,438.21786,453.30118,438.7342,452.45197,131860.47,7169220000.0,2022-05-20,1,2020-05-29,2022-01-07
187,451.2376,452.59082,445.33456,446.70218,124271.64,6755715600.0,2022-05-23,1,2020-05-29,2022-01-07
188,448.65445,450.33743,444.7354,446.03668,96782.734,5305079000.0,2022-05-24,1,2020-05-29,2022-01-07
189,449.18903,457.53958,448.89203,456.3257,121800.77,6669094000.0,2022-05-25,1,2020-05-29,2022-01-07
190,457.94666,467.1738,457.4236,466.43048,134155.89,7448012000.0,2022-05-26,1,2020-05-29,2022-01-07
191,468.0108,477.1345,466.79727,475.6105,112722.86,6243523000.0,2022-05-27,1,2020-05-29,2022-01-07
192,474.5724,474.9262,458.93323,463.39392,220235.55,12156448000.0,2022-05-30,1,2020-05-29,2022-01-07
193,463.02118,471.8863,454.0522,464.89594,108981.555,5827888600.0,2022-05-31,1,2020-05-29,2022-01-07
194,462.9573,463.80524,455.27518,456.39584,120736.82,6599645700.0,2022-06-01,1,2020-05-29,2022-01-07
195,435.34775,461.31232,406.23663,465.94568,259822.77,14052927000.0,2022-06-02,1,2020-05-29,2022-01-07
196,475.62802,477.15164,474.69818,476.84308,142448.52,7959801000.0,2022-06-06,1,2020-05-29,2022-01-07
197,451.40546,509.21027,420.8133,454.25922,279042.78,15404620000.0,2022-06-07,1,2020-05-29,2022-01-07
198,451.16162,509.45422,440.0833,471.43454,227615.06,12507441000.0,2022-06-08,1,2020-05-29,2022-01-07
199,470.16495,487.5809,441.85803,487.3704,250365.5,13558148000.0,2022-06-09,1,2020-05-29,2022-01-07
200,334.27036,400.97253,335.3626,380.05573,425879.75,21854327000.0,2022-06-10,2,2020-10-23,2022-06-09
201,407.58597,426.99487,337.27936,387.56134,1150575.9,58022736000.0,2022-06-13,2,2020-10-23,2022-06-09
202,413.70746,446.51648,315.4237,407.05762,1072680.5,54078947000.0,2022-06-14,2,2020-10-23,2022-06-09
203,409.9344,418.53357,381.4768,389.62704,763992.3,39066590000.0,2022-06-15,2,2020-10-23,2022-06-09
204,387.09985,402.1592,378.61526,389.59265,420884.44,21614793000.0,2022-06-16,2,2020-10-23,2022-06-09
205,333.59674,366.32416,321.99548,349.5931,570990.94,28941505000.0,2022-06-17,2,2020-10-23,2022-06-09
206,360.35782,397.37817,358.1239,387.45743,529066.5,27025768000.0,2022-06-20,2,2020-10-23,2022-06-09
207,401.54688,406.28253,395.5625,396.16895,306767.97,15470325000.0,2022-06-21,2,2020-10-23,2022-06-09
208,398.16248,407.119,392.63867,400.88168,266676.3,13529273000.0,2022-06-22,2,2020-10-23,2022-06-09
209,401.76337,403.4268,390.35614,392.90118,250446.5,12596326000.0,2022-06-23,2,2020-10-23,2022-06-09
210,380.9698,404.26498,385.06876,402.62457,468482.7,24108052000.0,2022-06-24,2,2020-10-23,2022-06-09
211,397.05203,421.3824,385.91306,406.1929,604058.1,28845756000.0,2022-06-27,2,2020-10-23,2022-06-09
212,419.94684,432.85196,414.06235,424.57037,339148.12,17239343000.0,2022-06-28,2,2020-10-23,2022-06-09
213,419.05792,433.7783,404.4864,431.21042,310189.47,15638081000.0,2022-06-29,2,2020-10-23,2022-06-09
214,427.37238,431.7901,418.4016,424.924,273553.2,13900555000.0,2022-06-30,2,2020-10-23,2022-06-09
215,411.44452,440.5285,409.52292,428.105,350305.22,17691558000.0,2022-07-04,2,2020-10-23,2022-06-09
216,407.00513,464.6266,389.30035,445.32446,338909.7,17890267000.0,2022-07-05,2,2020-10-23,2022-06-09
217,446.3912,446.81363,420.48666,423.9298,256875.62,13047798000.0,2022-07-06,2,2020-10-23,2022-06-09
218,428.69504,429.26343,412.72284,414.66382,173123.38,8732705000.0,2022-07-07,2,2020-10-23,2022-06-09
219,414.64062,424.0407,411.3983,420.00464,172377.7,8629386000.0,2022-07-08,2,2020-10-23,2022-06-09
220,427.63327,426.198,403.2159,400.2356,166251.66,8248834000.0,2022-07-11,2,2020-10-23,2022-06-09
221,402.61682,408.92636,399.32083,404.04007,158378.7,7874361000.0,2022-07-12,2,2020-10-23,2022-06-09
222,404.9292,415.80508,404.81863,414.447,159724.56,7973581300.0,2022-07-13,2,2020-10-23,2022-06-09
223,421.99677,420.7713,409.56525,410.8998,225838.19,11196947000.0,2022-07-14,2,2020-10-23,2022-06-09
224,384.99847,432.48553,370.6574,414.65842,289598.47,15007112000.0,2022-07-15,2,2020-10-23,2022-06-09
225,423.81244,432.37097,416.04465,426.0997,205213.81,10504326000.0,2022-07-18,2,2020-10-23,2022-06-09
226,427.5806,435.0599,422.97507,431.3091,172670.9,8775350000.0,2022-07-19,2,2020-10-23,2022-06-09
227,416.15173,445.18927,407.96957,416.05942,231167.36,11726021000.0,2022-07-20,2,2020-10-23,2022-06-09
228,416.94623,421.31952,407.72586,410.98975,183755.44,9218515000.0,2022-07-21,2,2020-10-23,2022-06-09
229,411.7907,421.20078,409.83035,417.57632,189620.19,9536762000.0,2022-07-22,2,2020-10-23,2022-06-09
230,418.1816,429.77042,417.31046,428.16452,171079.44,8683676000.0,2022-07-25,2,2020-10-23,2022-06-09
231,426.9232,428.89523,416.57758,418.54642,227205.62,11509654000.0,2022-07-26,2,2020-10-23,2022-06-09
232,418.58047,425.287,416.20572,422.2422,165646.3,8235281400.0,2022-07-27,2,2020-10-23,2022-06-09
233,430.78375,438.6421,411.2847,411.86328,176618.53,8846332000.0,2022-07-28,2,2020-10-23,2022-06-09
234,419.85464,422.15582,398.13513,399.83258,160171.97,7786147300.0,2022-07-29,2,2020-10-23,2022-06-09
235,394.95898,409.26846,385.66345,402.38892,264197.84,13287072000.0,2022-08-01,2,2020-10-23,2022-06-09
236,404.23267,429.46295,396.2079,413.63153,992385.3,50957070000.0,2022-08-02,2,2020-10-23,2022-06-09
237,428.46143,478.92935,361.50684,445.66998,928122.06,46291677000.0,2022-08-03,2,2020-10-23,2022-06-09
238,434.8035,457.66098,413.88544,434.80966,717510.75,37471605000.0,2022-08-04,2,2020-10-23,2022-06-09
239,440.69046,466.11896,424.581,453.67322,1172456.2,60568998000.0,2022-08-05,2,2020-10-23,2022-06-09
240,459.47137,541.36053,431.86743,491.08887,991527.56,51629785000.0,2022-08-08,2,2020-10-23,2022-06-09
241,474.42813,492.67184,456.47208,474.5291,766245.8,39367758000.0,2022-08-09,2,2020-10-23,2022-06-09
242,468.3322,476.30228,451.90048,459.82013,365584.53,18506125000.0,2022-08-10,2,2020-10-23,2022-06-09
243,452.86362,467.28925,442.7383,460.35345,281524.4,14191191000.0,2022-08-11,2,2020-10-23,2022-06-09
244,458.91724,471.70798,450.76794,465.14117,318402.0,16206615000.0,2022-08-12,2,2020-10-23,2022-06-09
245,464.20087,510.19504,454.4881,495.23206,441411.06,22552998000.0,2022-08-15,2,2020-10-23,2022-06-09
246,498.43964,500.9677,475.17746,482.79187,321173.28,16446978000.0,2022-08-16,2,2020-10-23,2022-06-09
247,491.56888,491.69638,478.82278,480.78284,351942.7,17997775000.0,2022-08-17,2,2020-10-23,2022-06-09
248,488.70065,488.96542,477.98904,478.3756,208935.38,10653666000.0,2022-08-18,2,2020-10-23,2022-06-09
249,484.78186,478.83075,465.4652,460.9073,184692.36,9316508000.0,2022-08-19,2,2020-10-23,2022-06-09
250,451.26596,493.443,413.02225,447.92902,286492.6,14668632000.0,2022-08-22,2,2020-10-23,2022-06-09
251,444.9975,462.6076,438.73727,452.6694,244148.44,12440818000.0,2022-08-23,2,2020-10-23,2022-06-09
252,435.07693,456.6625,408.49307,456.74353,312540.7,15857505000.0,2022-08-24,2,2020-10-23,2022-06-09
253,458.01135,459.95236,401.7008,458.22787,211117.47,10796001000.0,2022-08-25,2,2020-10-23,2022-06-09
254,441.4823,471.8271,433.8128,439.77457,225097.75,11782203000.0,2022-08-26,2,2020-10-23,2022-06-09
255,441.1954,448.72516,434.69974,441.78467,168303.62,8448816600.0,2022-08-29,2,2020-10-23,2022-06-09
256,438.45697,470.93018,427.02893,429.62805,273184.8,14246035000.0,2022-08-30,2,2020-10-23,2022-06-09
257,447.05542,452.62195,410.89703,420.34055,270358.72,13713606000.0,2022-08-31,2,2020-10-23,2022-06-09
258,425.76355,430.5338,417.77527,421.91324,164179.06,8240747500.0,2022-09-01,2,2020-10-23,2022-06-09
259,422.737,425.8827,415.91223,418.40182,157423.67,7869642000.0,2022-09-02,2,2020-10-23,2022-06-09
260,420.7954,429.05392,418.6378,425.11337,184932.48,9305017000.0,2022-09-05,2,2020-10-23,2022-06-09
261,435.11536,440.36703,418.70435,419.49597,164780.31,8274646500.0,2022-09-06,2,2020-10-23,2022-06-09
262,420.84976,423.9452,415.31717,416.7642,123588.0,6123066000.0,2022-09-07,2,2020-10-23,2022-06-09
263,426.30804,427.9981,408.08966,406.2061,151189.89,7491485000.0,2022-09-08,2,2020-10-23,2022-06-09
264,409.51447,425.85638,401.97284,419.30267,121845.25,5866195000.0,2022-09-09,2,2020-10-23,2022-06-09
265,417.22046,419.0546,409.95142,410.9297,109072.05,5416021000.0,2022-09-13,2,2020-10-23,2022-06-09
266,423.9267,432.19116,408.78577,411.9556,145969.34,7320559600.0,2022-09-14,2,2020-10-23,2022-06-09
267,408.50217,411.33542,402.3465,403.89655,109463.11,5311051300.0,2022-09-15,2,2020-10-23,2022-06-09
268,406.3404,410.00464,403.35388,405.90903,107992.984,5365636000.0,2022-09-16,2,2020-10-23,2022-06-09
269,374.55463,400.761,281.75934,377.55396,418742.5,20610308000.0,2022-09-19,2,2020-10-23,2022-06-09
270,364.3525,386.54245,350.92233,382.93204,312647.22,15644076000.0,2022-09-20,2,2020-10-23,2022-06-09
271,367.27054,401.2191,361.1853,394.18243,507783.22,22594257000.0,2022-09-21,2,2020-10-23,2022-06-09
272,411.9593,425.7317,407.15604,420.89264,217955.9,11147334000.0,2022-09-22,2,2020-10-23,2022-06-09
273,419.76932,419.17908,406.16534,406.366,125099.65,6314496500.0,2022-09-23,2,2020-10-23,2022-06-09
274,406.39908,423.22083,380.54544,419.99445,148185.03,7384992000.0,2022-09-26,2,2020-10-23,2022-06-09
275,417.4203,420.9347,400.95023,414.74335,189251.81,9639068000.0,2022-09-27,2,2020-10-23,2022-06-09
276,414.24423,420.36102,412.43353,418.43097,91791.56,4672410000.0,2022-09-28,2,2020-10-23,2022-06-09
277,415.60614,415.90973,405.09048,405.9134,158977.78,8011289600.0,2022-09-29,2,2020-10-23,2022-06-09
278,415.71124,417.18475,398.96103,397.14203,148538.81,7372735000.0,2022-09-30,2,2020-10-23,2022-06-09
279,400.29312,406.66217,398.5524,403.42706,141888.9,7092811300.0,2022-10-03,2,2020-10-23,2022-06-09
280,404.36487,418.74487,393.53314,390.93976,239079.02,12068163000.0,2022-10-05,2,2020-10-23,2022-06-09
281,388.60187,388.223,370.8288,371.91595,229854.3,11523587000.0,2022-10-06,2,2020-10-23,2022-06-09
282,366.12204,368.14987,359.50665,360.95026,110078.59,5478314500.0,2022-10-07,2,2020-10-23,2022-06-09
283,361.9595,369.31345,358.71597,364.5019,169768.44,8455694000.0,2022-10-10,2,2020-10-23,2022-06-09
284,349.37466,392.43134,345.05734,392.3631,249790.92,12380650000.0,2022-10-11,2,2020-10-23,2022-06-09
285,390.79144,401.0756,387.13843,396.86237,180262.9,9134447000.0,2022-10-12,2,2020-10-23,2022-06-09
286,400.8488,410.41095,358.922,404.9561,189821.25,9418701000.0,2022-10-13,2,2020-10-23,2022-06-09
287,413.6841,418.9898,395.22644,397.24393,155505.28,7884710400.0,2022-10-14,2,2020-10-23,2022-06-09
288,399.1448,403.25388,392.07092,395.46075,210928.95,10654826000.0,2022-10-17,2,2020-10-23,2022-06-09
289,395.9948,398.9887,392.26617,394.8859,122935.53,6094978000.0,2022-10-18,2,2020-10-23,2022-06-09
290,396.06488,407.6203,397.18323,407.37762,143310.55,7186184700.0,2022-10-19,2,2020-10-23,2022-06-09
291,405.63193,412.26886,404.47757,410.314,143724.33,7196432000.0,2022-10-20,2,2020-10-23,2022-06-09
292,385.8587,452.12537,386.4373,423.92673,265407.78,13848679000.0,2022-10-21,2,2020-10-23,2022-06-09
293,427.8312,435.52713,418.7202,427.65344,227708.44,11731306000.0,2022-10-24,2,2020-10-23,2022-06-09
294,424.09442,434.7948,413.15692,426.7005,266412.75,13660652000.0,2022-10-25,2,2020-10-23,2022-06-09
295,435.63,432.988,419.1073,419.75372,227065.31,11359558000.0,2022-10-26,2,2020-10-23,2022-06-09
296,423.42825,427.25418,416.02448,419.36127,227229.61,11547386000.0,2022-10-27,2,2020-10-23,2022-06-09
297,420.02505,427.9928,380.6024,422.2965,203664.81,10031092000.0,2022-10-28,2,2020-10-23,2022-06-09
298,403.5232,422.77826,388.75592,424.5083,373296.72,16854753000.0,2022-10-31,2,2020-10-23,2022-06-09
299,420.60623,427.33252,410.5015,421.9536,176228.23,9033791000.0,2022-11-01,2,2020-10-23,2022-06-09
300,219.4724,271.22888,151.63171,237.81294,1201029.2,54602453000.0,2022-11-02,3,2021-03-19,2022-11-01
301,271.92657,317.7284,262.3648,308.97342,1184853.4,55715500000.0,2022-11-03,3,2021-03-19,2022-11-01
302,298.17438,311.51392,285.82233,301.25226,1061221.9,49231620000.0,2022-11-04,3,2021-03-19,2022-11-01
303,299.61053,323.259,295.023,316.27316,642226.94,30210843000.0,2022-11-07,3,2021-03-19,2022-11-01
304,302.22025,331.48102,299.0675,323.83478,573199.4,26363048000.0,2022-11-08,3,2021-03-19,2022-11-01
305,285.74487,354.06882,279.4789,324.67047,477551.78,21458375000.0,2022-11-09,3,2021-03-19,2022-11-01
306,330.7776,355.47128,322.97537,346.11072,427749.25,19759507000.0,2022-11-10,3,2021-03-19,2022-11-01
307,329.4962,363.70166,324.35638,346.93115,384241.4,16944488000.0,2022-11-11,3,2021-03-19,2022-11-01
308,351.00952,386.20844,356.97256,384.74988,516680.97,24982139000.0,2022-11-14,3,2021-03-19,2022-11-01
309,351.32782,349.97525,362.47076,353.4102,442961.8,19160646000.0,2022-11-15,3,2021-03-19,2022-11-01
310,350.22137,369.21814,339.62854,358.60324,333289.6,14583719000.0,2022-11-16,3,2021-03-19,2022-11-01
311,367.99182,375.82538,360.12155,368.44763,255216.64,10942093000.0,2022-11-17,3,2021-03-19,2022-11-01
312,360.76788,372.70667,350.2486,365.6352,261820.95,11123456000.0,2022-11-18,3,2021-03-19,2022-11-01
313,365.77368,369.9794,356.2424,362.94696,228631.84,9639667000.0,2022-11-21,3,2021-03-19,2022-11-01
314,372.6439,368.0542,355.2139,352.03476,223992.84,9331176000.0,2022-11-22,3,2021-03-19,2022-11-01
315,354.35373,366.39502,349.5205,362.88446,248351.17,10530793000.0,2022-11-23,3,2021-03-19,2022-11-01
316,362.4189,369.24753,357.31775,365.6392,187957.9,7859434500.0,2022-11-24,3,2021-03-19,2022-11-01
317,369.62787,385.40106,368.5295,384.23846,191004.17,8029281300.0,2022-11-25,3,2021-03-19,2022-11-01
318,385.45477,396.04126,383.3352,393.8038,184325.48,7769028600.0,2022-11-28,3,2021-03-19,2022-11-01
319,394.55618,408.11728,392.67566,405.68607,222088.69,9466340000.0,2022-11-29,3,2021-03-19,2022-11-01
320,408.28836,404.49734,395.55667,393.61374,216754.6,9298285000.0,2022-11-30,3,2021-03-19,2022-11-01
321,397.8553,407.36597,385.16144,386.76666,166748.9,7011666000.0,2022-12-01,3,2021-03-19,2022-11-01
322,389.36462,400.65628,385.10345,397.6099,170276.34,7297329000.0,2022-12-02,3,2021-03-19,2022-11-01
323,398.49274,404.12384,398.0099,401.42267,189328.78,8050889000.0,2022-12-05,3,2021-03-19,2022-11-01
324,397.61404,397.77615,388.85233,391.45456,171353.61,7311785000.0,2022-12-06,3,2021-03-19,2022-11-01
325,396.02145,406.8642,395.58044,406.07895,176528.31,7516369000.0,2022-12-07,3,2021-03-19,2022-11-01
326,409.56747,404.11127,395.40524,390.5558,191500.77,8022024000.0,2022-12-08,3,2021-03-19,2022-11-01
327,391.86124,394.95523,385.31924,389.77325,106365.11,4024965000.0,2022-12-09,3,2021-03-19,2022-11-01
328,388.30936,390.2506,382.02557,385.9969,157079.05,6763640300.0,2022-12-12,3,2021-03-19,2022-11-01
329,381.29532,381.13367,366.15912,366.6673,216964.1,9165095000.0,2022-12-13,3,2021-03-19,2022-11-01
330,366.24466,371.2079,362.2883,367.16028,159639.06,6625118700.0,2022-12-14,3,2021-03-19,2022-11-01
331,352.65704,373.47122,329.1985,371.4176,231547.64,9700784000.0,2022-12-15,3,2021-03-19,2022-11-01
332,377.63116,378.25662,372.8535,371.7633,180341.06,7662031400.0,2022-12-16,3,2021-03-19,2022-11-01
333,380.7758,383.61554,373.90503,378.7472,199945.88,8454776000.0,2022-12-19,3,2021-03-19,2022-11-01
334,379.4825,381.27374,372.10236,375.42963,195361.05,8366643000.0,2022-12-20,3,2021-03-19,2022-11-01
335,371.1964,376.2163,366.0803,372.61755,139080.06,5534892500.0,2022-12-21,3,2021-03-19,2022-11-01
336,379.18903,389.60657,370.5513,373.75256,147683.94,6132138000.0,2022-12-22,3,2021-03-19,2022-11-01
337,364.28085,369.872,357.81924,361.7503,118784.11,4649913000.0,2022-12-23,3,2021-03-19,2022-11-01
338,362.1686,371.3944,360.38556,368.40536,182526.56,7743006700.0,2022-12-28,3,2021-03-19,2022-11-01
339,374.51392,376.78442,357.33478,355.72644,154114.22,6380311600.0,2022-12-29,3,2021-03-19,2022-11-01
340,356.12643,357.06836,344.0237,345.0451,207800.1,8731990000.0,2022-12-30,3,2021-03-19,2022-11-01
341,345.561,346.55243,335.69052,335.23923,150918.4,6487332400.0,2023-01-03,3,2021-03-19,2022-11-01
342,325.37555,337.4835,316.78455,330.8691,260532.45,11073606000.0,2023-01-04,3,2021-03-19,2022-11-01
343,339.2275,342.51285,321.97385,321.4257,161220.84,6660150000.0,2023-01-05,3,2021-03-19,2022-11-01
344,324.9533,332.15634,321.8122,326.26953,172387.89,7331353600.0,2023-01-06,3,2021-03-19,2022-11-01
345,336.49072,340.35532,321.2165,319.53006,154606.72,6361304600.0,2023-01-09,3,2021-03-19,2022-11-01
346,340.09338,332.08298,341.7215,331.39874,187534.77,7529865000.0,2023-01-10,3,2021-03-19,2022-11-01
347,335.05774,351.28656,333.6905,351.29843,221081.4,9479297000.0,2023-01-11,3,2021-03-19,2022-11-01
348,346.8384,358.67667,341.63242,356.33774,229117.66,9795639000.0,2023-01-12,3,2021-03-19,2022-11-01
349,356.66486,362.85043,352.95166,359.86203,166869.78,7168325600.0,2023-01-13,3,2021-03-19,2022-11-01
350,369.98038,366.80157,363.65967,359.88843,192498.02,8105504000.0,2023-01-16,3,2021-03-19,2022-11-01
351,362.48306,364.5833,356.5766,358.35812,153695.56,6463759400.0,2023-01-17,3,2021-03-19,2022-11-01
352,359.5873,365.67087,359.14954,361.89383,175237.23,7583611000.0,2023-01-18,3,2021-03-19,2022-11-01
353,361.08606,363.86395,355.85248,358.18872,151036.94,6349541400.0,2023-01-19,3,2021-03-19,2022-11-01
354,356.19507,358.78308,350.75134,352.60785,172822.9,7469064000.0,2023-01-20,3,2021-03-19,2022-11-01
355,354.68307,364.4043,350.73535,364.6477,177375.72,7545722000.0,2023-01-26,3,2021-03-19,2022-11-01
356,362.91403,365.02106,357.75803,360.41003,128425.086,5026837500.0,2023-01-27,3,2021-03-19,2022-11-01
357,362.3085,368.89276,361.16034,366.79025,130959.16,5097987600.0,2023-01-30,3,2021-03-19,2022-11-01
358,354.63312,395.18646,345.42255,366.94943,319342.38,14052223000.0,2023-01-31,3,2021-03-19,2022-11-01
359,376.26935,380.13535,370.03113,376.22003,154465.23,6583083500.0,2023-02-01,3,2021-03-19,2022-11-01
360,375.88425,382.19418,370.9544,376.56924,186893.81,8338599400.0,2023-02-02,3,2021-03-19,2022-11-01
361,382.8831,394.88367,382.29425,393.04904,201196.69,8640803000.0,2023-02-03,3,2021-03-19,2022-11-01
362,397.07462,396.68106,391.1608,388.0034,171634.22,7421930500.0,2023-02-06,3,2021-03-19,2022-11-01
363,401.97894,414.62164,398.83093,412.69342,330244.38,14459076000.0,2023-02-07,3,2021-03-19,2022-11-01
364,416.28088,415.0841,398.95273,400.8561,201957.38,8678212000.0,2023-02-08,3,2021-03-19,2022-11-01
365,407.91483,409.68475,408.23083,408.43866,193883.77,7986879500.0,2023-02-09,3,2021-03-19,2022-11-01
366,406.6286,408.6696,401.22784,402.94275,163799.8,7119025000.0,2023-02-10,3,2021-03-19,2022-11-01
367,409.1251,411.2346,410.8554,410.1024,179307.55,7670533000.0,2023-02-13,3,2021-03-19,2022-11-01
368,407.13013,407.79144,399.7838,401.9466,137869.31,5553703000.0,2023-02-14,3,2021-03-19,2022-11-01
369,402.1802,406.5709,400.99387,400.90057,247319.11,10582897000.0,2023-02-15,3,2021-03-19,2022-11-01
370,400.62985,397.87204,381.48773,379.10855,236597.05,9988539000.0,2023-02-16,3,2021-03-19,2022-11-01
371,382.3676,383.75958,368.68094,373.41208,309839.6,13317105000.0,2023-02-17,3,2021-03-19,2022-11-01
372,370.07092,379.34415,367.5942,375.04257,247538.12,10550551000.0,2023-02-20,3,2021-03-19,2022-11-01
373,361.3878,393.79944,298.9603,394.79993,319998.12,13705075000.0,2023-02-21,3,2021-03-19,2022-11-01
374,386.02344,396.1369,376.13327,389.76135,298812.9,12948108000.0,2023-02-22,3,2021-03-19,2022-11-01
375,397.89774,408.87628,383.33267,386.0064,172177.03,7283782700.0,2023-02-23,3,2021-03-19,2022-11-01
376,395.26102,408.86157,383.68903,387.56778,159299.8,6705415000.0,2023-02-24,3,2021-03-19,2022-11-01
377,352.89597,385.49152,344.75348,377.05017,254305.03,10627104000.0,2023-02-27,3,2021-03-19,2022-11-01
378,374.05597,398.2921,371.7185,394.78714,300218.44,13008042000.0,2023-02-28,3,2021-03-19,2022-11-01
379,389.77182,393.62598,382.17813,386.25385,109454.78,3483954200.0,2023-03-01,3,2021-03-19,2022-11-01
380,347.33755,443.4269,342.0891,397.5027,382498.75,17348700000.0,2023-03-02,3,2021-03-19,2022-11-01
381,400.37262,401.81573,354.13818,359.32788,220063.23,9597067000.0,2023-03-03,3,2021-03-19,2022-11-01
382,368.4866,374.71954,362.51,369.154,150479.62,6295841300.0,2023-03-06,3,2021-03-19,2022-11-01
383,368.02753,372.23077,363.64154,367.6539,124088.34,4676829700.0,2023-03-07,3,2021-03-19,2022-11-01
384,362.69867,362.27945,350.18594,349.5321,160444.8,6891457000.0,2023-03-08,3,2021-03-19,2022-11-01
385,308.7401,337.8307,277.73773,332.63354,343027.2,14493361000.0,2023-03-09,3,2021-03-19,2022-11-01
386,309.92194,326.95184,282.23523,306.98254,1186079.4,54858520000.0,2023-03-10,3,2021-03-19,2022-11-01
387,338.4828,374.78482,324.55725,361.1873,978810.44,45667340000.0,2023-03-13,3,2021-03-19,2022-11-01
388,352.8363,363.63135,338.41135,351.7674,995823.8,45224317000.0,2023-03-14,3,2021-03-19,2022-11-01
389,338.52402,349.38693,313.32874,336.28683,689328.2,32225673000.0,2023-03-15,3,2021-03-19,2022-11-01
390,331.79163,350.83813,324.85327,339.53186,555172.2,23516658000.0,2023-03-16,3,2021-03-19,2022-11-01
391,342.33685,357.20813,301.9131,353.14438,364619.06,15785468000.0,2023-03-17,3,2021-03-19,2022-11-01
392,352.77063,375.07898,318.3998,338.9085,355498.06,15373388000.0,2023-03-20,3,2021-03-19,2022-11-01
393,335.8717,341.24246,310.86423,326.36902,329330.94,14296752000.0,2023-03-21,3,2021-03-19,2022-11-01
394,332.16913,342.71625,327.0126,336.10303,210501.92,8989166000.0,2023-03-22,3,2021-03-19,2022-11-01
395,339.0835,341.39633,328.31113,329.7523,191354.53,8180615000.0,2023-03-23,3,2021-03-19,2022-11-01
396,327.35544,330.07144,311.90347,321.65262,303002.5,13094709000.0,2023-03-24,3,2021-03-19,2022-11-01
397,321.39624,322.82086,295.63,299.21304,339831.6,14659933000.0,2023-03-27,3,2021-03-19,2022-11-01
398,301.1632,313.68167,243.38338,305.037,464351.84,20291949000.0,2023-03-28,3,2021-03-19,2022-11-01
399,264.46152,328.85822,201.10475,319.38208,403597.94,17349788000.0,2023-03-29,3,2021-03-19,2022-11-01
400,378.3144,385.57733,373.7399,381.3868,284579.56,10514602000.0,2023-03-30,4,2021-08-16,2023-03-29
401,376.0683,377.66434,354.7453,358.50366,287433.4,10488115000.0,2023-03-31,4,2021-08-16,2023-03-29
402,353.8791,359.70572,343.74738,353.03928,252721.97,9318491000.0,2023-04-03,4,2021-08-16,2023-03-29
403,350.218,353.56326,338.9624,343.59946,311222.66,11292531000.0,2023-04-04,4,2021-08-16,2023-03-29
404,343.09985,346.707,335.59195,340.17456,194545.69,7248752600.0,2023-04-06,4,2021-08-16,2023-03-29
405,336.99023,340.46323,330.88214,334.36395,184288.44,6898520000.0,2023-04-11,4,2021-08-16,2023-03-29
406,334.02856,343.20416,332.86407,339.24615,288066.6,10560685000.0,2023-04-12,4,2021-08-16,2023-03-29
407,341.83652,343.88412,333.7697,338.26605,176420.42,6536346600.0,2023-04-13,4,2021-08-16,2023-03-29
408,335.5233,338.4561,328.97855,332.19302,174744.77,6604588000.0,2023-04-14,4,2021-08-16,2023-03-29
409,336.57056,343.57568,337.87457,342.65356,204679.75,7681110500.0,2023-04-17,4,2021-08-16,2023-03-29
410,340.1379,344.52017,336.2215,339.82983,163359.19,6249259000.0,2023-04-18,4,2021-08-16,2023-03-29
411,338.96222,351.1914,330.6586,337.37473,310792.88,10977852000.0,2023-04-19,4,2021-08-16,2023-03-29
412,334.51825,344.65845,327.8488,332.57254,455920.7,15236452000.0,2023-04-20,4,2021-08-16,2023-03-29
413,334.04132,338.78177,327.8898,330.73166,211506.88,7834119700.0,2023-04-21,4,2021-08-16,2023-03-29
414,311.69022,335.7941,308.43262,330.26273,363728.56,12935120000.0,2023-04-24,4,2021-08-16,2023-03-29
415,331.83978,329.9887,314.21576,311.02026,260183.05,9485126000.0,2023-04-25,4,2021-08-16,2023-03-29
416,305.02115,314.4815,295.20575,306.8137,280802.88,10158405000.0,2023-04-26,4,2021-08-16,2023-03-29
417,306.05127,315.1853,303.60245,310.5302,215266.03,7925699000.0,2023-04-27,4,2021-08-16,2023-03-29
418,309.28394,310.12604,287.23547,291.28827,380425.8,13379053000.0,2023-04-28,4,2021-08-16,2023-03-29
419,292.015,298.37607,286.7403,291.10385,286120.44,10319319000.0,2023-05-02,4,2021-08-16,2023-03-29
420,290.87216,301.94342,289.93695,298.30313,287768.38,10344775000.0,2023-05-03,4,2021-08-16,2023-03-29
421,295.1249,303.1048,290.96335,296.6408,171523.06,6350610400.0,2023-05-04,4,2021-08-16,2023-03-29
422,293.81934,298.38498,283.15875,291.73325,290657.56,10492180000.0,2023-05-05,4,2021-08-16,2023-03-29
423,296.537,291.58704,284.48166,279.38046,283478.1,10031026000.0,2023-05-08,4,2021-08-16,2023-03-29
424,277.92523,287.7626,274.86047,284.28247,307344.47,10975433000.0,2023-05-09,4,2021-08-16,2023-03-29
425,269.3144,297.73624,260.2397,294.71548,299725.38,10673868000.0,2023-05-10,4,2021-08-16,2023-03-29
426,285.20035,303.86734,258.10168,303.28546,293197.88,10593556000.0,2023-05-11,4,2021-08-16,2023-03-29
427,295.647,299.21283,287.62375,290.66428,188933.62,7073842700.0,2023-05-12,4,2021-08-16,2023-03-29
428,292.34665,301.90634,291.8128,298.7399,206819.22,7673210400.0,2023-05-15,4,2021-08-16,2023-03-29
429,295.271,306.53885,291.55414,294.96292,335040.12,12116825000.0,2023-05-16,4,2021-08-16,2023-03-29
430,298.70822,306.1179,296.65323,301.80963,217248.81,8039512000.0,2023-05-17,4,2021-08-16,2023-03-29
431,285.22836,308.47644,280.6635,305.12817,270296.53,9673470000.0,2023-05-18,4,2021-08-16,2023-03-29
432,300.77588,303.76102,289.45444,292.90778,273937.2,9983222000.0,2023-05-19,4,2021-08-16,2023-03-29
433,290.94473,317.756,281.6191,296.53067,278747.44,10179910000.0,2023-05-22,4,2021-08-16,2023-03-29
434,266.12567,306.51837,218.2985,306.99323,342309.44,12116271000.0,2023-05-23,4,2021-08-16,2023-03-29
435,295.79086,337.14148,267.52338,298.24585,646060.5,21526900000.0,2023-05-24,4,2021-08-16,2023-03-29
436,246.34021,301.0058,218.6665,291.00305,412585.5,14622937000.0,2023-05-25,4,2021-08-16,2023-03-29
437,289.47263,312.87827,281.08008,297.47195,383578.6,13419798000.0,2023-05-29,4,2021-08-16,2023-03-29
438,282.49707,329.6379,259.3524,298.0077,323683.7,11504666000.0,2023-05-30,4,2021-08-16,2023-03-29
439,300.01562,310.0882,290.56708,300.9261,446851.44,15759725000.0,2023-05-31,4,2021-08-16,2023-03-29
440,303.4275,308.5273,292.0608,297.19083,337605.25,12071828000.0,2023-06-01,4,2021-08-16,2023-03-29
441,297.33746,313.4812,290.86496,299.77576,381167.7,13303459000.0,2023-06-02,4,2021-08-16,2023-03-29
442,306.66336,312.6186,301.55127,306.31122,225848.03,8361687000.0,2023-06-05,4,2021-08-16,2023-03-29
443,306.20285,308.63135,294.10776,296.4148,277123.0,10093893000.0,2023-06-06,4,2021-08-16,2023-03-29
444,305.67825,315.54752,293.32477,295.81924,216106.98,7936835600.0,2023-06-07,4,2021-08-16,2023-03-29
445,296.51813,310.41986,278.37006,307.7107,188212.94,7012529700.0,2023-06-08,4,2021-08-16,2023-03-29
446,303.68286,309.05304,297.49442,302.08408,239545.72,8863392000.0,2023-06-09,4,2021-08-16,2023-03-29
447,258.8585,299.73532,230.5286,294.48785,327109.66,11723002000.0,2023-06-12,4,2021-08-16,2023-03-29
448,287.94962,308.33173,234.81215,311.5097,326267.47,11720443000.0,2023-06-13,4,2021-08-16,2023-03-29
449,302.6678,315.23584,289.78568,308.00064,414814.25,14040750000.0,2023-06-14,4,2021-08-16,2023-03-29
450,315.90164,332.67825,313.6615,328.81155,312394.8,11372800000.0,2023-06-15,4,2021-08-16,2023-03-29
451,329.08575,338.08005,323.17056,332.4026,328485.34,11937384000.0,2023-06-16,4,2021-08-16,2023-03-29
452,333.97754,348.04657,332.87152,345.11356,310391.97,11334248000.0,2023-06-19,4,2021-08-16,2023-03-29
453,339.03696,355.34644,337.8148,347.60892,276922.2,10351330000.0,2023-06-20,4,2021-08-16,2023-03-29
454,332.20712,360.19614,333.05246,344.61053,250267.03,9356913000.0,2023-06-21,4,2021-08-16,2023-03-29
455,334.5701,341.95886,279.401,337.6915,319240.47,11581869000.0,2023-06-23,4,2021-08-16,2023-03-29
456,332.23428,333.70358,316.74854,319.6405,248276.6,9124178000.0,2023-06-26,4,2021-08-16,2023-03-29
457,323.20227,331.01254,319.75107,326.71317,225789.14,8372721700.0,2023-06-27,4,2021-08-16,2023-03-29
458,324.23932,326.6333,317.74713,318.79605,175060.02,6644378600.0,2023-06-28,4,2021-08-16,2023-03-29
459,308.95944,337.40118,317.2072,337.7149,234611.42,8735198000.0,2023-06-29,4,2021-08-16,2023-03-29
460,308.3578,358.35037,276.8825,310.6284,308691.6,11262087000.0,2023-06-30,4,2021-08-16,2023-03-29
461,316.61658,313.83902,298.77026,295.4358,248470.84,9050444000.0,2023-07-03,4,2021-08-16,2023-03-29
462,299.42032,305.89603,295.9197,300.10587,157741.6,6002470400.0,2023-07-04,4,2021-08-16,2023-03-29
463,296.50967,309.2621,291.38248,306.18155,244380.06,8947091000.0,2023-07-05,4,2021-08-16,2023-03-29
464,306.46262,317.1347,304.58755,314.36923,218231.9,8093453300.0,2023-07-06,4,2021-08-16,2023-03-29
465,313.8327,314.91507,302.8919,303.76,200533.25,7469455400.0,2023-07-07,4,2021-08-16,2023-03-29
466,306.55698,318.04083,306.88782,316.241,215931.25,7995309000.0,2023-07-10,4,2021-08-16,2023-03-29
467,324.55762,324.48465,320.0729,318.69244,212376.9,7874453000.0,2023-07-11,4,2021-08-16,2023-03-29
468,322.86676,326.1794,319.69214,320.73642,253230.4,9270639000.0,2023-07-12,4,2021-08-16,2023-03-29
469,317.57367,323.16516,313.39716,320.44748,171877.12,6411651000.0,2023-07-13,4,2021-08-16,2023-03-29
470,312.32565,340.09436,312.82364,321.18488,223355.31,8306018300.0,2023-07-14,4,2021-08-16,2023-03-29
471,324.68054,322.80557,307.83066,315.15408,277397.84,9634106000.0,2023-07-18,4,2021-08-16,2023-03-29
472,300.4532,334.4976,293.48962,322.68692,286888.38,10493956000.0,2023-07-19,4,2021-08-16,2023-03-29
473,315.13528,317.1341,307.07626,308.504,176255.1,6682555400.0,2023-07-20,4,2021-08-16,2023-03-29
474,299.12067,325.00143,304.35367,319.06366,304824.03,10851553000.0,2023-07-21,4,2021-08-16,2023-03-29
475,332.4857,344.17535,330.46848,341.0414,321403.84,11688758000.0,2023-07-24,4,2021-08-16,2023-03-29
476,346.79727,345.96457,340.72433,339.9422,323091.75,11734080000.0,2023-07-25,4,2021-08-16,2023-03-29
477,343.27643,343.75003,331.21204,334.6826,293152.97,10651297000.0,2023-07-26,4,2021-08-16,2023-03-29
478,318.12704,344.90286,304.28787,339.8372,659293.7,22800460000.0,2023-07-27,4,2021-08-16,2023-03-29
479,331.55435,337.11984,321.257,323.47028,360398.38,13101591000.0,2023-07-28,4,2021-08-16,2023-03-29
480,262.22443,304.47134,225.12799,298.83673,396036.2,14088744000.0,2023-07-31,4,2021-08-16,2023-03-29
481,308.97726,330.88416,300.32187,325.29486,446594.44,16028619000.0,2023-08-01,4,2021-08-16,2023-03-29
482,319.97296,324.60272,316.88626,320.54745,384341.03,13742666000.0,2023-08-02,4,2021-08-16,2023-03-29
483,322.25778,334.0394,280.72092,335.82462,321745.72,11560550000.0,2023-08-03,4,2021-08-16,2023-03-29
484,294.19315,314.13394,281.87164,287.1682,447131.44,15925903000.0,2023-08-04,4,2021-08-16,2023-03-29
485,291.69675,304.2968,271.5989,287.01654,498558.06,17843223000.0,2023-08-07,4,2021-08-16,2023-03-29
486,295.77774,303.40524,289.51196,293.6157,322079.25,11590845000.0,2023-08-08,4,2021-08-16,2023-03-29
487,281.17426,303.47885,283.4847,300.841,447530.06,15838906000.0,2023-08-09,4,2021-08-16,2023-03-29
488,301.16888,304.6249,294.74734,296.6845,232027.58,8582859000.0,2023-08-10,4,2021-08-16,2023-03-29
489,294.3042,302.1414,291.92456,298.23795,171909.1,6465056000.0,2023-08-11,4,2021-08-16,2023-03-29
490,305.46124,308.9669,292.87878,290.60098,185300.78,6979774500.0,2023-08-14,4,2021-08-16,2023-03-29
491,288.3308,292.406,267.0173,285.73438,320359.53,11422405000.0,2023-08-15,4,2021-08-16,2023-03-29
492,282.61697,289.38568,280.91193,285.0328,162803.1,6202598400.0,2023-08-16,4,2021-08-16,2023-03-29
493,284.56897,287.019,273.911,275.74292,269957.4,9808471000.0,2023-08-17,4,2021-08-16,2023-03-29
494,273.74866,293.93268,270.46606,271.09143,299138.75,10709552000.0,2023-08-18,4,2021-08-16,2023-03-29
495,275.966,280.3277,269.6011,270.9134,264085.25,9630897000.0,2023-08-21,4,2021-08-16,2023-03-29
496,270.63614,283.43637,258.68054,259.6846,346842.12,12299163000.0,2023-08-22,4,2021-08-16,2023-03-29
497,265.39838,274.83545,259.28345,264.0425,185888.1,7110594600.0,2023-08-23,4,2021-08-16,2023-03-29
498,264.54578,270.09396,261.00095,259.5653,139196.94,5671087000.0,2023-08-24,4,2021-08-16,2023-03-29
499,259.84326,262.07886,253.40532,253.04059,178976.67,6722517000.0,2023-08-25,4,2021-08-16,2023-03-29
500,319.68762,324.5586,315.67282,322.4199,179384.19,6252260400.0,2023-08-28,5,2022-01-10,2023-08-25
501,326.9771,356.3334,322.36166,342.8614,367517.0,12169661000.0,2023-08-29,5,2022-01-10,2023-08-25
502,343.17407,343.06702,334.13266,335.11588,176558.38,6235402000.0,2023-08-30,5,2022-01-10,2023-08-25
503,332.73746,333.82205,323.92886,326.6636,190329.92,6648625000.0,2023-08-31,5,2022-01-10,2023-08-25
504,326.05237,330.59085,321.5574,325.07407,253082.81,8584853000.0,2023-09-04,5,2022-01-10,2023-08-25
505,324.39072,326.1991,317.06018,318.90912,190980.95,6606636000.0,2023-09-05,5,2022-01-10,2023-08-25
506,320.123,326.62506,317.28122,322.4938,368120.5,12305667000.0,2023-09-06,5,2022-01-10,2023-08-25
507,332.85468,337.27982,309.15646,316.71027,283741.94,9459924000.0,2023-09-07,5,2022-01-10,2023-08-25
508,324.18716,329.7011,313.64664,319.43393,320456.03,10433670000.0,2023-09-11,5,2022-01-10,2023-08-25
509,298.6677,326.9861,265.3621,326.01,302206.75,10016928000.0,2023-09-12,5,2022-01-10,2023-08-25
510,281.09253,309.40176,255.53656,307.2442,317920.75,10453786000.0,2023-09-13,5,2022-01-10,2023-08-25
511,315.13397,329.24548,301.30103,315.58078,290012.9,9809188000.0,2023-09-14,5,2022-01-10,2023-08-25
512,318.6562,325.15887,314.13797,319.7304,247005.6,8418901000.0,2023-09-15,5,2022-01-10,2023-08-25
513,326.18192,329.7913,313.4614,320.84692,245542.84,8221360000.0,2023-09-18,5,2022-01-10,2023-08-25
514,327.33356,330.0034,316.9956,324.8331,219244.06,7430564400.0,2023-09-19,5,2022-01-10,2023-08-25
515,321.9338,324.0358,314.5327,317.53433,171252.17,5978049500.0,2023-09-20,5,2022-01-10,2023-08-25
516,315.82797,321.47034,311.19623,321.09375,188266.45,6529479700.0,2023-09-21,5,2022-01-10,2023-08-25
517,321.64987,337.69745,316.81226,325.478,321058.03,10696632000.0,2023-09-22,5,2022-01-10,2023-08-25
518,330.15515,328.64334,321.9302,319.53677,201142.84,6917536000.0,2023-09-25,5,2022-01-10,2023-08-25
519,319.46567,321.99182,313.50232,316.0653,169102.89,5911119400.0,2023-09-26,5,2022-01-10,2023-08-25
520,307.00662,333.9439,300.06027,314.13174,234822.81,8046603300.0,2023-09-27,5,2022-01-10,2023-08-25
521,306.7836,335.6496,298.11682,313.86526,241071.28,8227630000.0,2023-09-28,5,2022-01-10,2023-08-25
522,311.87115,315.4362,285.9811,307.02246,273399.97,9102418000.0,2023-09-29,5,2022-01-10,2023-08-25
523,292.29446,319.2093,290.30823,306.67435,417986.7,13901982000.0,2023-10-03,5,2022-01-10,2023-08-25
524,310.95483,320.4936,307.0309,315.00323,287149.3,9672057000.0,2023-10-04,5,2022-01-10,2023-08-25
525,314.37186,322.70956,309.476,315.65268,322829.44,10835409000.0,2023-10-05,5,2022-01-10,2023-08-25
526,307.3741,322.3175,302.82962,311.01675,466303.16,14288110000.0,2023-10-06,5,2022-01-10,2023-08-25
527,307.5161,320.08124,295.74982,319.26706,285136.16,9508647000.0,2023-10-09,5,2022-01-10,2023-08-25
528,316.94803,320.9661,311.8009,317.0384,193858.61,6731094000.0,2023-10-10,5,2022-01-10,2023-08-25
529,315.84744,326.24487,314.70743,323.28558,305294.2,10157219000.0,2023-10-11,5,2022-01-10,2023-08-25
530,327.65723,332.17596,327.32758,329.9132,208146.36,7272777700.0,2023-10-12,5,2022-01-10,2023-08-25
531,327.7339,333.4398,325.59695,330.1664,295706.0,9898997000.0,2023-10-13,5,2022-01-10,2023-08-25
532,337.28647,356.914,326.2871,340.44937,302419.12,10257420000.0,2023-10-16,5,2022-01-10,2023-08-25
533,336.6002,341.26224,327.01364,341.3309,216059.66,7405988000.0,2023-10-17,5,2022-01-10,2023-08-25
534,337.01306,337.44772,325.00525,328.25812,163965.1,5716072400.0,2023-10-18,5,2022-01-10,2023-08-25
535,328.71176,330.76605,322.54025,324.3734,204903.44,7065620500.0,2023-10-19,5,2022-01-10,2023-08-25
536,328.605,335.1434,327.96948,332.19562,164548.62,5772685300.0,2023-10-20,5,2022-01-10,2023-08-25
537,336.08957,358.2034,301.04123,338.5409,284274.44,9740942000.0,2023-10-24,5,2022-01-10,2023-08-25
538,340.1484,344.01822,332.59448,337.81384,209402.31,7230896000.0,2023-10-25,5,2022-01-10,2023-08-25
539,337.53714,352.44168,331.18286,349.5583,387816.88,12899976000.0,2023-10-26,5,2022-01-10,2023-08-25
540,352.9111,371.26248,344.7538,356.90872,394393.94,12787440000.0,2023-10-27,5,2022-01-10,2023-08-25
541,348.91223,355.0212,343.47855,352.76556,355764.8,11746499000.0,2023-10-30,5,2022-01-10,2023-08-25
542,357.40338,373.23898,341.6631,355.18677,308579.84,10393154000.0,2023-10-31,5,2022-01-10,2023-08-25
543,353.6609,355.52094,347.03674,348.95236,171226.78,5958663000.0,2023-11-01,5,2022-01-10,2023-08-25
544,347.24747,348.50848,338.14108,341.70404,174661.14,6065136000.0,2023-11-02,5,2022-01-10,2023-08-25
545,341.86636,350.11066,339.8552,347.32837,209695.66,7190845000.0,2023-11-03,5,2022-01-10,2023-08-25
546,348.02066,353.41968,343.73373,348.84442,234746.83,7984917000.0,2023-11-06,5,2022-01-10,2023-08-25
547,348.51428,351.946,344.97894,348.88205,183142.38,6387905500.0,2023-11-07,5,2022-01-10,2023-08-25
548,352.5341,356.44238,347.64816,352.10196,298271.16,9994539000.0,2023-11-08,5,2022-01-10,2023-08-25
549,357.9328,360.36127,351.44308,355.1837,311848.47,10419577000.0,2023-11-09,5,2022-01-10,2023-08-25
550,354.76556,356.26474,347.259,350.06934,299544.97,10026659000.0,2023-11-10,5,2022-01-10,2023-08-25
551,346.76154,354.4484,335.93494,342.4776,388755.8,12537717000.0,2023-11-13,5,2022-01-10,2023-08-25
552,339.87198,342.1142,330.8069,334.8969,172327.56,5955336700.0,2023-11-14,5,2022-01-10,2023-08-25
553,336.7144,341.34488,334.02765,338.30176,180428.4,6317282300.0,2023-11-15,5,2022-01-10,2023-08-25
554,338.66318,340.65768,331.02368,334.20258,197683.06,6843509000.0,2023-11-16,5,2022-01-10,2023-08-25
555,327.8531,348.838,298.4647,323.57266,261339.97,8883833000.0,2023-11-17,5,2022-01-10,2023-08-25
556,320.0563,330.00037,314.59494,329.35562,199196.81,6840583700.0,2023-11-20,5,2022-01-10,2023-08-25
557,321.91568,351.7533,317.54944,334.9331,227888.52,7904165000.0,2023-11-21,5,2022-01-10,2023-08-25
558,336.91534,340.31665,332.44067,335.7391,181424.38,6372790300.0,2023-11-22,5,2022-01-10,2023-08-25
559,336.4642,342.49637,335.3294,340.83148,181310.19,6355276000.0,2023-11-23,5,2022-01-10,2023-08-25
560,341.34024,343.7039,340.15048,340.97357,187027.83,6548248000.0,2023-11-24,5,2022-01-10,2023-08-25
561,338.65924,353.2452,337.80222,346.24042,348936.53,11491914000.0,2023-11-27,5,2022-01-10,2023-08-25
562,351.00034,352.657,335.54004,333.89853,188309.2,6649527000.0,2023-11-28,5,2022-01-10,2023-08-25
563,337.14478,339.26056,332.31473,333.56305,205842.92,7130191400.0,2023-11-29,5,2022-01-10,2023-08-25
564,325.16687,328.486,319.68698,322.15323,302738.44,10129134000.0,2023-11-30,5,2022-01-10,2023-08-25
565,319.67154,319.20114,315.0236,314.7081,340226.9,11339227000.0,2023-12-01,5,2022-01-10,2023-08-25
566,319.7462,345.70932,320.4273,343.72092,269699.16,9138644000.0,2023-12-04,5,2022-01-10,2023-08-25
567,342.30704,347.53717,338.1726,343.37595,255747.9,8705622000.0,2023-12-05,5,2022-01-10,2023-08-25
568,333.77246,354.4581,324.53232,337.2347,223234.03,7709679000.0,2023-12-06,5,2022-01-10,2023-08-25
569,338.0755,342.5402,331.09418,334.63315,277220.12,9472371000.0,2023-12-07,5,2022-01-10,2023-08-25
570,339.84854,343.52405,338.58746,340.95132,144391.69,5100220400.0,2023-12-08,5,2022-01-10,2023-08-25
571,340.8357,344.45657,337.1002,340.69614,201771.17,6974923000.0,2023-12-11,5,2022-01-10,2023-08-25
572,334.75885,351.73627,339.34967,349.0826,206033.3,7187010600.0,2023-12-12,5,2022-01-10,2023-08-25
573,343.90048,349.48325,339.91312,345.30634,241192.67,8248648000.0,2023-12-13,5,2022-01-10,2023-08-25
574,338.29517,339.70984,330.1797,334.28543,158157.0,5553211400.0,2023-12-14,5,2022-01-10,2023-08-25
575,333.39352,337.27045,331.23807,334.96576,126232.79,4503850500.0,2023-12-15,5,2022-01-10,2023-08-25
576,334.38596,337.01974,328.5187,331.0885,219340.88,7552276500.0,2023-12-18,5,2022-01-10,2023-08-25
577,324.18365,330.8834,286.85803,328.61395,294919.8,9811087000.0,2023-12-19,5,2022-01-10,2023-08-25
578,324.23334,324.8632,308.71948,311.8585,390754.3,13058761000.0,2023-12-20,5,2022-01-10,2023-08-25
579,313.25693,319.28427,300.54834,306.91266,503762.4,16576909000.0,2023-12-21,5,2022-01-10,2023-08-25
580,291.52234,320.39264,290.4822,318.20505,353871.2,11723676000.0,2023-12-22,5,2022-01-10,2023-08-25
581,319.55698,320.22766,310.5703,309.77234,220682.75,7556567000.0,2023-12-27,5,2022-01-10,2023-08-25
582,310.48752,314.30478,306.07227,308.73126,201354.73,6932875000.0,2023-12-28,5,2022-01-10,2023-08-25
583,269.7033,328.27405,250.35292,301.48724,276360.4,9403069000.0,2023-12-29,5,2022-01-10,2023-08-25
584,302.56805,313.16507,270.94736,310.3192,290873.53,9702634000.0,2024-01-02,5,2022-01-10,2023-08-25
585,307.5917,323.85617,299.66644,313.93503,391565.34,13139797000.0,2024-01-03,5,2022-01-10,2023-08-25
586,312.20932,327.18893,298.54654,300.8236,264981.12,9075807000.0,2024-01-04,5,2022-01-10,2023-08-25
587,305.57272,318.71115,290.30658,296.99924,416361.2,13858085000.0,2024-01-05,5,2022-01-10,2023-08-25
588,284.73572,292.60822,231.29501,262.1879,418389.2,13681525000.0,2024-01-08,5,2022-01-10,2023-08-25
589,263.84045,277.8818,258.6982,269.97318,317011.56,10769600000.0,2024-01-09,5,2022-01-10,2023-08-25
590,269.4381,275.65518,262.41748,267.08817,309284.47,10490306000.0,2024-01-10,5,2022-01-10,2023-08-25
591,280.28513,288.28394,265.85422,273.0472,282205.4,9478990000.0,2024-01-11,5,2022-01-10,2023-08-25
592,279.30902,299.11826,276.12857,281.416,234385.77,8040811000.0,2024-01-12,5,2022-01-10,2023-08-25
593,283.79166,307.36508,272.6863,279.6469,275115.7,9229913000.0,2024-01-15,5,2022-01-10,2023-08-25
594,285.01007,297.75134,275.6414,276.38126,263844.44,8864471000.0,2024-01-16,5,2022-01-10,2023-08-25
595,282.38107,282.26797,278.01947,274.59177,270943.56,9066697000.0,2024-01-17,5,2022-01-10,2023-08-25
596,274.36514,278.17657,270.57565,273.55228,219950.98,7468442600.0,2024-01-18,5,2022-01-10,2023-08-25
597,272.2324,279.35458,268.30835,275.50717,208257.48,7043461000.0,2024-01-19,5,2022-01-10,2023-08-25
598,276.22272,281.93546,274.48828,278.22986,177867.02,6199739400.0,2024-01-22,5,2022-01-10,2023-08-25
599,277.68704,282.3525,272.27805,277.9633,194562.58,6641638000.0,2024-01-23,5,2022-01-10,2023-08-25
600,263.3454,289.4486,252.83691,277.1801,286408.38,9184167000.0,2024-01-24,6,2022-06-10,2024-01-23
601,278.6189,284.42102,272.4434,278.0196,252630.8,8058718700.0,2024-01-25,6,2022-06-10,2024-01-23
602,281.2108,287.09134,277.32248,281.41907,315547.94,9755750000.0,2024-01-26,6,2022-06-10,2024-01-23
603,293.72552,305.7713,291.5554,303.33243,321983.12,9961731000.0,2024-01-29,6,2022-06-10,2024-01-23
604,308.56284,315.5562,295.15036,293.57596,386394.25,11901487000.0,2024-01-30,6,2022-06-10,2024-01-23
605,304.7512,316.5057,303.94708,314.65155,193701.44,6274035700.0,2024-01-31,6,2022-06-10,2024-01-23
606,315.29486,330.1379,313.20016,326.9114,289548.1,9031817000.0,2024-02-01,6,2022-06-10,2024-01-23
607,329.523,335.719,325.14105,331.51132,286366.4,8965626000.0,2024-02-02,6,2022-06-10,2024-01-23
608,332.9983,338.5386,329.76495,334.92914,197839.11,6396287000.0,2024-02-05,6,2022-06-10,2024-01-23
609,334.81085,336.95282,329.1468,332.19656,235916.31,7525168600.0,2024-02-06,6,2022-06-10,2024-01-23
610,334.1858,342.15076,332.3717,339.77798,216966.47,6909156400.0,2024-02-07,6,2022-06-10,2024-01-23
611,338.7292,340.02502,332.8876,335.06903,153249.78,5096224000.0,2024-02-08,6,2022-06-10,2024-01-23
612,333.73837,336.99725,330.26254,332.8419,151285.19,5000645600.0,2024-02-09,6,2022-06-10,2024-01-23
613,333.2958,338.80896,330.85806,335.71295,191702.78,6220077000.0,2024-02-14,6,2022-06-10,2024-01-23
614,335.63828,336.83713,326.81384,328.75632,246257.02,7823281000.0,2024-02-15,6,2022-06-10,2024-01-23
615,329.20233,333.67773,325.77145,330.37494,198715.12,6394303500.0,2024-02-16,6,2022-06-10,2024-01-23
616,330.60724,337.19843,328.67337,334.6545,200003.05,6453365000.0,2024-02-19,6,2022-06-10,2024-01-23
617,333.7206,337.01288,330.34512,332.988,155649.12,5129591000.0,2024-02-20,6,2022-06-10,2024-01-23
618,333.182,335.69775,331.17227,334.40665,92747.22,3380326100.0,2024-02-21,6,2022-06-10,2024-01-23
619,335.0897,340.82355,325.9984,327.14148,200820.94,6554483700.0,2024-02-22,6,2022-06-10,2024-01-23
620,319.87543,338.13046,308.14117,322.7369,235819.98,7677653000.0,2024-02-23,6,2022-06-10,2024-01-23
621,320.72095,320.46786,317.84482,320.87747,167903.77,5453376500.0,2024-02-26,6,2022-06-10,2024-01-23
622,320.99243,327.05576,318.67734,324.24515,160101.75,5362214000.0,2024-02-27,6,2022-06-10,2024-01-23
623,324.47797,330.83966,323.1812,328.7601,162717.69,5415026700.0,2024-02-28,6,2022-06-10,2024-01-23
624,328.44186,340.0931,326.11716,329.939,216592.7,6987837400.0,2024-02-29,6,2022-06-10,2024-01-23
625,322.89514,331.42282,321.96567,327.49658,367501.62,11402619000.0,2024-03-01,6,2022-06-10,2024-01-23
626,297.27136,297.45673,261.8553,266.0691,394935.53,12131104000.0,2024-03-04,6,2022-06-10,2024-01-23
627,260.78113,266.30154,253.80484,263.55096,773784.3,21943136000.0,2024-03-05,6,2022-06-10,2024-01-23
628,271.88538,278.4635,269.49573,273.58554,218513.7,7427450400.0,2024-03-06,6,2022-06-10,2024-01-23
629,277.73886,294.28223,272.8279,282.32523,277533.44,8473881600.0,2024-03-07,6,2022-06-10,2024-01-23
630,279.5727,283.12305,269.18542,274.462,136764.1,4884007400.0,2024-03-08,6,2022-06-10,2024-01-23
631,287.8761,292.14523,279.27383,281.29642,210713.58,6700307500.0,2024-03-11,6,2022-06-10,2024-01-23
632,284.25937,294.65195,284.90234,292.64206,226187.55,7183302700.0,2024-03-12,6,2022-06-10,2024-01-23
633,296.082,306.77722,295.06375,304.38858,201426.84,6477670400.0,2024-03-13,6,2022-06-10,2024-01-23
634,306.34723,310.3483,304.1795,307.209,167704.31,5545465000.0,2024-03-14,6,2022-06-10,2024-01-23
635,309.01456,314.77893,306.85968,311.79092,189736.34,6151141400.0,2024-03-15,6,2022-06-10,2024-01-23
636,313.01862,317.6176,310.27158,314.4261,189751.77,6142689000.0,2024-03-18,6,2022-06-10,2024-01-23
637,315.07318,319.24802,312.0753,316.00223,189821.88,6136549400.0,2024-03-19,6,2022-06-10,2024-01-23
638,317.7473,327.55005,316.76245,325.36563,203165.34,6543950300.0,2024-03-20,6,2022-06-10,2024-01-23
639,326.91833,332.99915,324.18283,329.68796,201103.53,6500328400.0,2024-03-21,6,2022-06-10,2024-01-23
640,331.87018,345.90317,331.21323,343.61792,227121.06,7231978000.0,2024-03-22,6,2022-06-10,2024-01-23
641,346.97974,351.28497,341.89642,346.58417,292459.25,9181489000.0,2024-03-25,6,2022-06-10,2024-01-23
642,346.61682,347.47473,339.0482,341.30374,204673.81,6577073700.0,2024-03-26,6,2022-06-10,2024-01-23
643,342.3615,350.351,336.1286,338.14423,228904.53,7304864300.0,2024-03-27,6,2022-06-10,2024-01-23
644,337.16107,337.99493,323.40265,326.02664,184247.8,6013123600.0,2024-03-28,6,2022-06-10,2024-01-23
645,322.3766,340.67035,322.31146,339.57565,147364.22,4904317400.0,2024-04-02,6,2022-06-10,2024-01-23
646,336.8651,339.26218,331.60367,333.9212,146603.4,4847838000.0,2024-04-03,6,2022-06-10,2024-01-23
647,333.9283,335.86398,327.85092,330.70743,156510.55,5202447000.0,2024-04-05,6,2022-06-10,2024-01-23
648,331.53436,335.50345,318.91824,323.5623,147524.81,4965266400.0,2024-04-08,6,2022-06-10,2024-01-23
649,321.9585,324.16965,315.57135,319.83908,154942.28,5161220000.0,2024-04-09,6,2022-06-10,2024-01-23
650,324.03467,329.0983,320.2356,325.73685,272921.94,8502619000.0,2024-04-10,6,2022-06-10,2024-01-23
651,327.10767,330.57037,321.76514,325.50592,254551.52,8029992000.0,2024-04-11,6,2022-06-10,2024-01-23
652,326.6301,329.16382,324.17203,326.06247,182137.33,5967813000.0,2024-04-12,6,2022-06-10,2024-01-23
653,333.93973,344.11566,320.54156,324.58258,183972.66,5982236700.0,2024-04-15,6,2022-06-10,2024-01-23
654,328.50565,341.5656,320.88382,320.60004,265318.0,8368547300.0,2024-04-16,6,2022-06-10,2024-01-23
655,323.55344,327.26453,318.93088,323.23267,164194.81,5394484000.0,2024-04-17,6,2022-06-10,2024-01-23
656,322.17438,331.17978,319.24823,325.9892,198448.83,6445967400.0,2024-04-18,6,2022-06-10,2024-01-23
657,313.65622,316.87567,299.8808,302.52344,292551.44,9180584000.0,2024-04-19,6,2022-06-10,2024-01-23
658,311.19263,325.94348,310.4069,323.5185,206120.3,6608767000.0,2024-04-22,6,2022-06-10,2024-01-23
659,322.96094,325.06577,318.2053,319.32498,147181.45,4912842000.0,2024-04-23,6,2022-06-10,2024-01-23
660,321.0159,323.2955,317.28516,319.83502,111125.24,3836248000.0,2024-04-24,6,2022-06-10,2024-01-23
661,321.27884,322.86978,313.41904,315.81772,166421.86,5520684500.0,2024-04-25,6,2022-06-10,2024-01-23
662,316.22784,318.97333,312.3607,315.21204,134006.34,4552083500.0,2024-04-26,6,2022-06-10,2024-01-23
663,315.69238,327.46164,314.06256,328.05432,318542.94,9908013000.0,2024-04-29,6,2022-06-10,2024-01-23
664,329.4123,335.8767,326.94595,332.2745,211146.4,6782093000.0,2024-04-30,6,2022-06-10,2024-01-23
665,330.93817,345.38364,321.75528,336.11124,171942.08,5701235000.0,2024-05-02,6,2022-06-10,2024-01-23
666,339.82837,339.74274,327.8254,329.42294,264540.7,8375279600.0,2024-05-03,6,2022-06-10,2024-01-23
667,325.95105,352.4479,324.10452,352.5517,421797.75,13544282000.0,2024-05-06,6,2022-06-10,2024-01-23
668,351.34448,353.86914,341.53836,346.52722,256382.75,8236294700.0,2024-05-07,6,2022-06-10,2024-01-23
669,347.5379,349.6315,340.25183,342.75543,215086.16,6893195300.0,2024-05-08,6,2022-06-10,2024-01-23
670,343.9171,355.0989,342.70758,352.7623,226870.98,7169762000.0,2024-05-09,6,2022-06-10,2024-01-23
671,352.43124,353.37317,344.07767,345.84375,204412.58,6590099000.0,2024-05-10,6,2022-06-10,2024-01-23
672,345.32785,345.60168,335.97955,338.14133,222052.45,7143260700.0,2024-05-13,6,2022-06-10,2024-01-23
673,338.64594,348.49005,330.6247,331.29358,244719.92,7791665700.0,2024-05-14,6,2022-06-10,2024-01-23
674,332.06854,335.04425,319.2845,325.2854,218866.17,6879496000.0,2024-05-16,6,2022-06-10,2024-01-23
675,326.82034,326.23108,313.0817,313.9117,181994.23,5917766000.0,2024-05-17,6,2022-06-10,2024-01-23
676,316.6663,322.63086,315.29364,320.1377,165405.78,5458430000.0,2024-05-20,6,2022-06-10,2024-01-23
677,322.53458,328.665,320.72452,325.98734,218719.25,7003864000.0,2024-05-21,6,2022-06-10,2024-01-23
678,323.6349,321.11884,321.1442,322.43817,168053.45,5449628700.0,2024-05-22,6,2022-06-10,2024-01-23
679,313.861,335.3391,305.0279,324.26605,261725.05,8427101000.0,2024-05-23,6,2022-06-10,2024-01-23
680,326.13638,328.14163,295.74,307.01013,807514.94,23853154000.0,2024-05-24,6,2022-06-10,2024-01-23
681,314.33447,326.12903,316.74588,323.87234,392150.12,12018189000.0,2024-05-27,6,2022-06-10,2024-01-23
682,322.68076,323.05682,315.6062,316.07166,211041.22,6827305000.0,2024-05-28,6,2022-06-10,2024-01-23
683,317.5586,321.32138,314.1742,317.0685,193802.72,6275548700.0,2024-05-29,6,2022-06-10,2024-01-23
684,321.04752,321.84592,310.78714,312.7217,265901.3,8350403600.0,2024-05-30,6,2022-06-10,2024-01-23
685,308.13254,315.75516,302.05875,312.21292,298972.94,9241138000.0,2024-05-31,6,2022-06-10,2024-01-23
686,313.5238,318.2434,310.61533,314.5333,201397.36,6488357000.0,2024-06-03,6,2022-06-10,2024-01-23
687,316.8647,322.7813,315.46497,320.62732,174988.25,5775406000.0,2024-06-04,6,2022-06-10,2024-01-23
688,316.05527,337.56982,305.6881,319.99097,232772.47,7552575500.0,2024-06-05,6,2022-06-10,2024-01-23
689,323.8374,331.08328,312.68018,318.86557,257998.62,8141358000.0,2024-06-06,6,2022-06-10,2024-01-23
690,321.87277,326.72363,319.36115,324.02026,173838.16,5730592300.0,2024-06-07,6,2022-06-10,2024-01-23
691,326.0204,327.55234,323.43777,324.34583,202069.9,6512624600.0,2024-06-11,6,2022-06-10,2024-01-23
692,326.04388,334.86996,324.89053,333.87738,279276.34,8806436000.0,2024-06-12,6,2022-06-10,2024-01-23
693,335.4191,341.8623,332.71283,339.0697,249261.38,7893605400.0,2024-06-13,6,2022-06-10,2024-01-23
694,345.71188,352.08337,333.9591,334.34344,219021.81,7029777400.0,2024-06-14,6,2022-06-10,2024-01-23
695,338.9601,347.70764,337.3873,346.6957,194881.61,6322427400.0,2024-06-17,6,2022-06-10,2024-01-23
696,342.7276,342.67682,333.29037,335.52188,164571.34,5457330000.0,2024-06-18,6,2022-06-10,2024-01-23
697,335.62247,337.40527,330.40347,333.19012,162027.44,5369895400.0,2024-06-19,6,2022-06-10,2024-01-23
698,334.15594,344.6471,331.93176,341.64722,227043.53,7087147000.0,2024-06-20,6,2022-06-10,2024-01-23
699,338.04376,339.84988,332.20694,336.13818,131265.02,4468474000.0,2024-06-21,6,2022-06-10,2024-01-23
700,364.38306,368.5813,285.56122,327.1091,654586.1,20039471000.0,2024-06-24,7,2022-11-02,2024-06-21
701,318.8227,325.94604,306.55057,314.60028,315144.25,10094936000.0,2024-06-25,7,2022-11-02,2024-06-21
702,317.39825,321.27722,310.38885,313.40756,196587.83,6452161500.0,2024-06-26,7,2022-11-02,2024-06-21
703,307.86676,330.83243,300.1413,310.04605,238587.08,7790831600.0,2024-06-27,7,2022-11-02,2024-06-21
704,313.27155,321.2245,310.333,318.41638,167457.27,5587536000.0,2024-06-28,7,2022-11-02,2024-06-21
705,321.02942,325.48935,308.37454,312.29077,228150.27,7437227000.0,2024-07-02,7,2022-11-02,2024-06-21
706,317.20068,323.30627,314.5124,320.62958,123634.555,4344157000.0,2024-07-03,7,2022-11-02,2024-06-21
707,320.27878,325.42953,316.83725,322.11795,133847.81,4561714000.0,2024-07-04,7,2022-11-02,2024-06-21
708,322.34406,325.0292,313.85117,321.7719,163648.81,5493805000.0,2024-07-05,7,2022-11-02,2024-06-21
709,321.30664,322.97366,314.4787,317.0619,124714.87,4308552000.0,2024-07-08,7,2022-11-02,2024-06-21
710,315.5899,319.1761,310.86267,315.26846,128553.8,4388822000.0,2024-07-09,7,2022-11-02,2024-06-21
711,312.11398,327.48013,303.27707,309.71863,212279.17,7086304000.0,2024-07-10,7,2022-11-02,2024-06-21
712,310.99686,315.09332,306.10413,309.7262,169730.19,5642083300.0,2024-07-11,7,2022-11-02,2024-06-21
713,309.81625,314.54092,289.11417,311.25604,246960.55,7938336000.0,2024-07-12,7,2022-11-02,2024-06-21
714,312.87088,316.07822,302.0925,303.2782,159367.8,5345587000.0,2024-07-15,7,2022-11-02,2024-06-21
715,304.86462,312.61362,303.69046,310.53882,159149.84,5349442000.0,2024-07-16,7,2022-11-02,2024-06-21
716,310.6833,315.16122,308.7667,312.3212,148993.58,5024304000.0,2024-07-17,7,2022-11-02,2024-06-21
717,310.25662,311.30255,292.34503,301.4439,238515.78,7744797000.0,2024-07-18,7,2022-11-02,2024-06-21
718,285.68054,299.3394,270.37738,294.30075,293944.97,9210225000.0,2024-07-19,7,2022-11-02,2024-06-21
719,291.49918,299.38104,267.52716,277.5084,247462.6,7854366000.0,2024-07-22,7,2022-11-02,2024-06-21
720,280.2438,286.79538,274.5553,279.58624,147372.34,5081263600.0,2024-07-23,7,2022-11-02,2024-06-21
721,281.44684,287.68948,279.664,284.50726,101033.984,3572134700.0,2024-07-24,7,2022-11-02,2024-06-21
722,281.42752,291.01538,276.46216,287.52182,223584.89,7253441500.0,2024-07-25,7,2022-11-02,2024-06-21
723,287.56552,296.0235,282.67,284.85898,195936.92,6380309500.0,2024-07-26,7,2022-11-02,2024-06-21
724,287.21985,290.93845,281.8426,284.1485,133001.4,4536943600.0,2024-07-29,7,2022-11-02,2024-06-21
725,284.06335,287.15158,279.96152,281.75436,128283.375,4355332000.0,2024-07-30,7,2022-11-02,2024-06-21
726,282.07843,287.64087,280.53503,284.83087,120637.38,4138286000.0,2024-07-31,7,2022-11-02,2024-06-21
727,284.23224,287.10233,277.62427,280.42072,232171.83,7627961000.0,2024-08-01,7,2022-11-02,2024-06-21
728,279.77,284.3066,274.61844,277.92435,140789.89,4858498600.0,2024-08-02,7,2022-11-02,2024-06-21
729,280.4895,284.82285,261.69113,271.93176,317448.2,9977054000.0,2024-08-05,7,2022-11-02,2024-06-21
730,266.34232,272.64355,263.77197,266.41742,148495.66,5101430300.0,2024-08-06,7,2022-11-02,2024-06-21
731,268.17557,277.6318,266.76703,274.69617,136952.02,4750051300.0,2024-08-07,7,2022-11-02,2024-06-21
732,275.00406,279.45044,271.22488,274.64798,124556.61,4337793500.0,2024-08-08,7,2022-11-02,2024-06-21
733,274.91183,277.33228,270.6462,271.3375,104116.51,3882292000.0,2024-08-09,7,2022-11-02,2024-06-21
734,272.70203,275.6485,270.15778,272.49075,96185.0,3394699300.0,2024-08-12,7,2022-11-02,2024-06-21
735,267.5002,280.0614,260.0983,279.04092,110604.41,3795270700.0,2024-08-13,7,2022-11-02,2024-06-21
736,278.626,288.75665,274.60892,278.07092,176606.64,5831993300.0,2024-08-14,7,2022-11-02,2024-06-21
737,279.5605,291.05704,275.8735,278.35422,215120.03,6991229000.0,2024-08-15,7,2022-11-02,2024-06-21
738,280.5181,293.61996,280.16562,291.81158,210798.61,6883263000.0,2024-08-16,7,2022-11-02,2024-06-21
739,293.27893,313.40503,292.28235,304.36697,429225.5,13762767000.0,2024-08-19,7,2022-11-02,2024-06-21
740,277.81213,294.12238,278.2002,289.91467,322385.6,10239152000.0,2024-08-20,7,2022-11-02,2024-06-21
741,302.44632,310.8226,298.19897,305.01532,299433.5,9609935000.0,2024-08-21,7,2022-11-02,2024-06-21
742,301.96396,311.22937,288.0031,309.64206,250292.44,8020442000.0,2024-08-22,7,2022-11-02,2024-06-21
743,308.3405,309.5348,303.61996,304.09506,222370.0,7240214500.0,2024-08-23,7,2022-11-02,2024-06-21
744,307.89874,314.3495,300.76407,301.45642,176518.5,5880355300.0,2024-08-26,7,2022-11-02,2024-06-21
745,300.96997,306.27307,297.7978,303.5955,141436.5,4739135500.0,2024-08-27,7,2022-11-02,2024-06-21
746,303.02066,308.25403,301.41226,306.35632,157079.88,5287326700.0,2024-08-28,7,2022-11-02,2024-06-21
747,306.40027,319.04904,305.14594,315.16815,196875.62,6522379300.0,2024-08-29,7,2022-11-02,2024-06-21
748,313.77124,316.24576,308.28183,313.51306,150194.31,5063978000.0,2024-08-30,7,2022-11-02,2024-06-21
749,313.53442,319.8647,312.04315,317.643,183956.78,6084747300.0,2024-09-02,7,2022-11-02,2024-06-21
750,317.6248,323.88092,315.59305,320.7572,244112.1,7922032600.0,2024-09-03,7,2022-11-02,2024-06-21
751,321.46558,330.6899,320.41852,329.06177,233570.19,7626321400.0,2024-09-04,7,2022-11-02,2024-06-21
752,332.6242,335.4511,328.07825,331.2986,279205.16,9013364000.0,2024-09-05,7,2022-11-02,2024-06-21
753,331.79367,341.24252,325.7512,338.1739,358074.0,11440445000.0,2024-09-09,7,2022-11-02,2024-06-21
754,337.4245,346.75958,326.57062,336.5539,361822.8,11381487000.0,2024-09-10,7,2022-11-02,2024-06-21
755,335.51303,345.8947,336.8073,345.02225,394408.88,12805363000.0,2024-09-11,7,2022-11-02,2024-06-21
756,341.95447,355.76062,335.9316,337.67834,281861.78,9112703000.0,2024-09-12,7,2022-11-02,2024-06-21
757,339.13068,343.88516,335.85257,340.7442,184076.9,6097675000.0,2024-09-13,7,2022-11-02,2024-06-21
758,340.4585,346.68915,338.62665,344.83633,179326.45,5963570000.0,2024-09-16,7,2022-11-02,2024-06-21
759,345.2552,349.89258,342.65842,347.1917,153560.64,5184031000.0,2024-09-17,7,2022-11-02,2024-06-21
760,349.6213,351.8826,339.19107,339.3693,170937.67,5734371300.0,2024-09-19,7,2022-11-02,2024-06-21
761,339.6797,342.81516,335.84802,339.17685,161479.75,5426773000.0,2024-09-20,7,2022-11-02,2024-06-21
762,337.3209,338.49646,331.01215,332.1796,139286.28,4730884600.0,2024-09-23,7,2022-11-02,2024-06-21
763,334.99667,331.53293,327.33798,326.3385,191834.77,6277277700.0,2024-09-24,7,2022-11-02,2024-06-21
764,331.3811,341.5257,333.26062,339.89328,148047.1,5089418000.0,2024-09-25,7,2022-11-02,2024-06-21
765,341.71362,366.8825,340.9627,359.26804,500643.12,15821744000.0,2024-09-26,7,2022-11-02,2024-06-21
766,357.38306,364.652,351.29834,357.351,430959.47,13980006000.0,2024-09-27,7,2022-11-02,2024-06-21
767,347.7165,356.99002,332.26443,340.9881,369336.56,11873855000.0,2024-09-30,7,2022-11-02,2024-06-21
768,338.81158,340.89337,334.3428,337.07315,241450.75,7747546000.0,2024-10-02,7,2022-11-02,2024-06-21
769,337.23926,340.56702,333.6446,337.7784,173314.72,5787172400.0,2024-10-03,7,2022-11-02,2024-06-21
770,338.18774,346.05927,337.26706,344.85968,175250.89,5843553300.0,2024-10-04,7,2022-11-02,2024-06-21
771,347.533,360.4179,347.923,357.72385,179830.11,5992677400.0,2024-10-07,7,2022-11-02,2024-06-21
772,357.61017,358.84674,351.7759,353.57022,173758.16,5796846600.0,2024-10-08,7,2022-11-02,2024-06-21
773,354.83646,357.51236,351.14938,354.30063,148310.11,5010629600.0,2024-10-09,7,2022-11-02,2024-06-21
774,353.5001,354.4095,347.93607,349.7714,139972.19,4741653500.0,2024-10-10,7,2022-11-02,2024-06-21
775,348.27646,349.5628,342.44553,344.59302,133380.27,4535094300.0,2024-10-14,7,2022-11-02,2024-06-21
776,344.37897,348.22925,342.10498,345.77982,136349.75,4631610400.0,2024-10-15,7,2022-11-02,2024-06-21
777,345.61765,348.18716,342.52094,345.25684,155334.5,5238208500.0,2024-10-16,7,2022-11-02,2024-06-21
778,345.48688,354.50635,336.60278,345.98114,322076.9,10182547000.0,2024-10-17,7,2022-11-02,2024-06-21
779,343.07523,344.99564,334.80457,338.14493,218662.47,7183369700.0,2024-10-18,7,2022-11-02,2024-06-21
780,333.9481,333.3026,323.50684,323.7441,240301.45,7801029600.0,2024-10-21,7,2022-11-02,2024-06-21
781,327.67798,328.03247,317.96927,318.8096,179847.64,5927432700.0,2024-10-22,7,2022-11-02,2024-06-21
782,321.84814,325.47812,312.5656,313.87653,155085.25,5178617000.0,2024-10-23,7,2022-11-02,2024-06-21
783,314.39548,319.18564,312.04074,315.8328,129292.28,4363964400.0,2024-10-24,7,2022-11-02,2024-06-21
784,313.63022,314.55234,306.98306,308.23596,141144.66,4745063400.0,2024-10-25,7,2022-11-02,2024-06-21
785,296.06506,324.68423,291.52884,325.6818,196160.95,6218090500.0,2024-10-28,7,2022-11-02,2024-06-21
786,323.33835,342.1294,315.70944,330.55255,170308.61,5717419000.0,2024-10-29,7,2022-11-02,2024-06-21
787,332.57516,334.5658,327.31995,329.73175,136300.33,4617137000.0,2024-10-30,7,2022-11-02,2024-06-21
788,331.0982,336.46774,328.2625,332.61737,201741.61,6609749000.0,2024-10-31,7,2022-11-02,2024-06-21
789,338.92636,348.1108,330.93198,340.57455,355280.66,11055847000.0,2024-11-01,7,2022-11-02,2024-06-21
790,352.81204,352.74222,327.10242,328.49078,241022.14,7828886500.0,2024-11-04,7,2022-11-02,2024-06-21
791,328.98654,338.44263,328.7932,336.81857,141827.38,4780933000.0,2024-11-05,7,2022-11-02,2024-06-21
792,331.10538,351.29224,327.0204,346.95374,332980.2,10840369000.0,2024-11-06,7,2022-11-02,2024-06-21
793,347.66864,366.04938,345.19742,362.36792,271171.75,8911044000.0,2024-11-07,7,2022-11-02,2024-06-21
794,360.41446,362.68564,353.86105,358.96182,194543.39,6440849400.0,2024-11-08,7,2022-11-02,2024-06-21
795,359.38464,360.11722,350.76593,352.83054,192158.1,6367393300.0,2024-11-11,7,2022-11-02,2024-06-21
796,348.72052,357.1624,345.75372,351.7465,167537.55,5552531000.0,2024-11-12,7,2022-11-02,2024-06-21
797,325.96194,376.71503,309.96057,338.4409,346001.38,10984885000.0,2024-11-13,7,2022-11-02,2024-06-21
798,333.69513,351.48904,322.57578,346.39902,615338.1,19277947000.0,2024-11-14,7,2022-11-02,2024-06-21
799,327.4507,330.863,316.4355,321.82864,728070.1,20907112000.0,2024-11-15,7,2022-11-02,2024-06-21
800,388.1272,398.94095,379.8792,389.37372,382057.94,13449212000.0,2024-11-18,8,2023-03-30,2024-11-15
801,375.0548,379.36475,356.1689,364.43216,586470.7,20232330000.0,2024-11-19,8,2023-03-30,2024-11-15
802,348.74448,358.9461,340.1491,349.57123,331682.0,11362255000.0,2024-11-20,8,2023-03-30,2024-11-15
803,348.6377,354.73132,338.8356,346.27637,253416.78,8627295000.0,2024-11-21,8,2023-03-30,2024-11-15
804,338.97412,350.11557,322.82187,349.65692,236223.88,7982444000.0,2024-11-22,8,2023-03-30,2024-11-15
805,344.4686,348.5933,324.50504,329.40253,208800.05,7122766300.0,2024-11-25,8,2023-03-30,2024-11-15
806,336.67957,334.72406,326.85565,325.06195,154733.56,5237009000.0,2024-11-26,8,2023-03-30,2024-11-15
807,324.36945,327.77078,314.8624,318.16376,324771.78,11043308000.0,2024-11-27,8,2023-03-30,2024-11-15
808,315.18994,324.69226,310.4495,319.16885,400546.9,13809385000.0,2024-11-28,8,2023-03-30,2024-11-15
809,290.4015,313.05292,293.31067,310.1992,316191.78,10807097000.0,2024-11-29,8,2023-03-30,2024-11-15
810,304.82904,329.07614,306.39713,331.17032,230816.66,7769086500.0,2024-12-02,8,2023-03-30,2024-11-15
811,332.3111,334.20563,320.41977,324.2592,259493.34,8875745000.0,2024-12-03,8,2023-03-30,2024-11-15
812,326.30466,328.90198,317.7605,319.9905,236824.3,8075521500.0,2024-12-04,8,2023-03-30,2024-11-15
813,323.55475,325.53073,319.29605,319.7757,216480.4,7318127000.0,2024-12-05,8,2023-03-30,2024-11-15
814,323.3193,328.12567,320.90262,323.45193,219051.44,7336917500.0,2024-12-06,8,2023-03-30,2024-11-15
815,324.98032,330.31512,320.342,324.33435,257965.28,8850462000.0,2024-12-09,8,2023-03-30,2024-11-15
816,324.86325,328.886,321.45596,325.02994,161099.16,5429098000.0,2024-12-10,8,2023-03-30,2024-11-15
817,323.7266,328.70187,316.69318,325.5376,220236.44,7509981000.0,2024-12-11,8,2023-03-30,2024-11-15
818,332.02713,330.3035,325.66132,323.72873,166027.44,5525841000.0,2024-12-12,8,2023-03-30,2024-11-15
819,322.45813,327.55383,319.54297,325.19595,139244.97,4626938000.0,2024-12-13,8,2023-03-30,2024-11-15
820,324.5307,330.1555,321.16452,329.2037,162780.5,5512213500.0,2024-12-16,8,2023-03-30,2024-11-15
821,332.9595,337.59247,324.04385,324.1202,160106.69,5422511600.0,2024-12-17,8,2023-03-30,2024-11-15
822,327.87994,331.65903,323.74603,326.36703,199974.53,6714664400.0,2024-12-18,8,2023-03-30,2024-11-15
823,328.6671,331.9912,325.68713,327.89764,204186.84,6940039000.0,2024-12-19,8,2023-03-30,2024-11-15
824,328.49854,329.2428,320.12503,321.04318,221913.97,7576773600.0,2024-12-20,8,2023-03-30,2024-11-15
825,320.88797,326.64178,312.2159,311.7333,212310.31,7220844500.0,2024-12-23,8,2023-03-30,2024-11-15
826,305.86798,319.95255,301.2462,317.8682,302672.84,9704632000.0,2024-12-24,8,2023-03-30,2024-11-15
827,317.25586,322.05643,312.86346,316.651,204592.55,6982690300.0,2024-12-27,8,2023-03-30,2024-11-15
828,317.13748,321.05676,313.7287,316.82538,173784.86,5861390300.0,2024-12-30,8,2023-03-30,2024-11-15
829,302.76343,327.66312,304.65503,317.60733,279423.5,9405047000.0,2024-12-31,8,2023-03-30,2024-11-15
830,319.23743,323.48645,315.735,319.4282,156152.1,5246226400.0,2025-01-02,8,2023-03-30,2024-11-15
831,320.27258,321.96567,313.43405,314.2637,222005.05,7564075000.0,2025-01-03,8,2023-03-30,2024-11-15
832,315.63647,322.1956,314.14645,319.159,204486.6,6847727600.0,2025-01-06,8,2023-03-30,2024-11-15
833,316.02466,328.6888,312.6594,317.6504,250532.84,8137506000.0,2025-01-07,8,2023-03-30,2024-11-15
834,316.91776,321.70166,310.8326,313.70984,282468.4,8926881000.0,2025-01-08,8,2023-03-30,2024-11-15
835,315.355,320.94693,313.15955,317.8624,152961.31,5120344000.0,2025-01-09,8,2023-03-30,2024-11-15
836,317.59424,318.17252,312.36465,312.6717,221885.44,7303748000.0,2025-01-10,8,2023-03-30,2024-11-15
837,321.03268,319.73517,315.74817,313.96677,182366.97,6087764500.0,2025-01-13,8,2023-03-30,2024-11-15
838,311.18506,319.46152,306.18372,309.44653,267951.84,8591772000.0,2025-01-14,8,2023-03-30,2024-11-15
839,299.5764,323.48224,307.52097,322.87247,367614.84,12848220000.0,2025-01-15,8,2023-03-30,2024-11-15
840,327.58542,330.40686,326.679,328.27658,275683.9,9446519000.0,2025-01-16,8,2023-03-30,2024-11-15
841,333.37433,339.2431,330.9713,336.42978,191841.88,6546838000.0,2025-01-17,8,2023-03-30,2024-11-15
842,335.15042,375.0973,333.43408,356.95038,234385.42,8226630700.0,2025-01-20,8,2023-03-30,2024-11-15
843,364.991,375.7265,343.01505,353.6334,252891.33,8822361000.0,2025-01-21,8,2023-03-30,2024-11-15
844,346.25842,347.27988,338.49072,340.43698,110708.086,3656932000.0,2025-01-22,8,2023-03-30,2024-11-15
845,332.9976,350.98486,326.57205,334.7495,177935.6,6093167600.0,2025-01-23,8,2023-03-30,2024-11-15
846,335.7168,342.33994,331.67502,338.6131,154489.2,5237449700.0,2025-01-24,8,2023-03-30,2024-11-15
847,337.9932,340.21823,335.00607,336.54468,122779.125,4077905200.0,2025-01-27,8,2023-03-30,2024-11-15
848,335.81934,337.3547,329.77692,331.34586,120802.79,3976935700.0,2025-01-28,8,2023-03-30,2024-11-15
849,328.95694,332.12897,324.9304,328.76447,126298.8,4153887000.0,2025-02-03,8,2023-03-30,2024-11-15
850,321.11703,346.10223,319.53964,326.9521,202775.81,7031018500.0,2025-02-04,8,2023-03-30,2024-11-15
851,327.2115,329.565,323.53146,325.62457,313251.44,10682880000.0,2025-02-05,8,2023-03-30,2024-11-15
852,327.153,338.28992,323.80884,333.61533,589890.56,20420809000.0,2025-02-06,8,2023-03-30,2024-11-15
853,323.5159,339.29028,327.19092,340.15164,343787.88,11936834000.0,2025-02-07,8,2023-03-30,2024-11-15
854,341.0133,351.97964,334.1174,343.80096,262864.2,8990636000.0,2025-02-10,8,2023-03-30,2024-11-15
855,347.55176,349.29782,344.95163,346.15442,175228.47,6005278700.0,2025-02-11,8,2023-03-30,2024-11-15
856,344.36758,353.38187,341.3553,348.40964,194374.06,6591630000.0,2025-02-12,8,2023-03-30,2024-11-15
857,346.37592,347.58542,335.85257,343.31757,165332.28,5599617500.0,2025-02-13,8,2023-03-30,2024-11-15
858,337.60757,344.78018,330.01355,341.32602,191112.38,6536734000.0,2025-02-14,8,2023-03-30,2024-11-15
859,339.67578,342.08487,331.51202,339.55893,167418.17,5670555600.0,2025-02-17,8,2023-03-30,2024-11-15
860,332.00043,333.1881,326.67365,327.79614,253005.81,8641795000.0,2025-02-18,8,2023-03-30,2024-11-15
861,325.16602,336.5672,321.82788,335.79327,201543.0,6854536700.0,2025-02-19,8,2023-03-30,2024-11-15
862,333.77466,340.45584,329.58655,338.26266,174312.6,5917181000.0,2025-02-20,8,2023-03-30,2024-11-15
863,339.96286,341.63235,336.0939,336.9003,143480.44,4779988500.0,2025-02-21,8,2023-03-30,2024-11-15
864,340.28778,343.86755,340.06647,341.9748,162924.5,5569082400.0,2025-02-24,8,2023-03-30,2024-11-15
865,340.40182,344.0726,338.3345,341.87924,133938.92,4498787000.0,2025-02-25,8,2023-03-30,2024-11-15
866,342.44495,346.8132,340.12997,344.28076,169762.25,5765268500.0,2025-02-26,8,2023-03-30,2024-11-15
867,342.29587,343.87613,334.10303,338.6901,138347.53,4521285600.0,2025-02-27,8,2023-03-30,2024-11-15
868,337.86185,341.02783,335.04453,339.27548,120193.86,4067630000.0,2025-02-28,8,2023-03-30,2024-11-15
869,335.32184,337.70358,330.4777,334.1662,127311.61,4206842400.0,2025-03-03,8,2023-03-30,2024-11-15
870,325.22815,344.76895,324.39142,332.83948,168524.0,5766985700.0,2025-03-04,8,2023-03-30,2024-11-15
871,340.77545,339.2023,337.27118,335.87973,112842.06,3693916200.0,2025-03-05,8,2023-03-30,2024-11-15
872,337.036,344.84955,335.0786,341.69284,218376.14,7507625500.0,2025-03-06,8,2023-03-30,2024-11-15
873,342.6187,354.07968,341.66895,351.84735,237051.58,8113674000.0,2025-03-07,8,2023-03-30,2024-11-15
874,351.32294,352.5129,346.00922,347.69952,156694.69,5321895400.0,2025-03-10,8,2023-03-30,2024-11-15
875,347.76788,350.2836,344.28442,345.04352,205382.6,7040049700.0,2025-03-11,8,2023-03-30,2024-11-15
876,341.1058,348.1702,333.31982,339.08347,156848.05,5396041700.0,2025-03-12,8,2023-03-30,2024-11-15
877,341.192,345.69876,339.5596,342.90814,136945.6,4643374600.0,2025-03-13,8,2023-03-30,2024-11-15
878,343.50116,346.88345,341.86835,343.26398,177373.92,6043676700.0,2025-03-14,8,2023-03-30,2024-11-15
879,344.57925,350.67563,338.30713,340.46164,149994.16,5072301600.0,2025-03-17,8,2023-03-30,2024-11-15
880,342.59674,345.78348,338.78952,343.25803,148748.33,4991779300.0,2025-03-18,8,2023-03-30,2024-11-15
881,343.42572,348.24402,341.00272,345.68073,169076.2,5728157700.0,2025-03-19,8,2023-03-30,2024-11-15
882,345.26868,347.03323,340.41327,344.10376,149253.83,5002137600.0,2025-03-20,8,2023-03-30,2024-11-15
883,329.7079,339.71927,327.3702,342.52502,193669.02,6539725000.0,2025-03-21,8,2023-03-30,2024-11-15
884,339.9307,345.05023,336.7984,342.19476,197956.89,6797393000.0,2025-03-24,8,2023-03-30,2024-11-15
885,340.417,341.39706,334.09183,337.69177,140917.4,4609924000.0,2025-03-25,8,2023-03-30,2024-11-15
886,335.06955,339.84088,332.51755,339.55054,141804.97,4790075000.0,2025-03-26,8,2023-03-30,2024-11-15
887,337.05875,338.6405,334.0824,335.96793,104005.664,3445468000.0,2025-03-27,8,2023-03-30,2024-11-15
888,335.44305,338.674,333.28766,335.45343,132935.16,4425484300.0,2025-03-28,8,2023-03-30,2024-11-15
889,334.0403,337.35822,328.56277,332.4938,217688.08,7223658500.0,2025-03-31,8,2023-03-30,2024-11-15
890,333.77484,333.2949,319.63058,321.73404,230588.84,7844175400.0,2025-04-01,8,2023-03-30,2024-11-15
891,304.15103,330.15192,305.22665,322.53256,294157.38,10153752000.0,2025-04-02,8,2023-03-30,2024-11-15
892,328.95016,327.45206,324.05768,321.4971,155015.4,5174584300.0,2025-04-03,8,2023-03-30,2024-11-15
893,323.21994,327.37643,301.53464,325.82166,232352.05,7914988000.0,2025-04-07,8,2023-03-30,2024-11-15
894,320.18533,325.8871,311.74387,323.24783,220872.56,7555930000.0,2025-04-08,8,2023-03-30,2024-11-15
895,328.40082,331.0185,325.8083,329.30542,158157.1,5261248500.0,2025-04-09,8,2023-03-30,2024-11-15
896,332.97876,331.8388,328.84677,326.97415,167905.58,5681788400.0,2025-04-10,8,2023-03-30,2024-11-15
897,327.10846,333.3105,323.7867,329.76465,262467.7,9111609000.0,2025-04-11,8,2023-03-30,2024-11-15
898,332.7809,340.033,327.59555,334.85538,276227.3,9211814000.0,2025-04-14,8,2023-03-30,2024-11-15
899,335.56647,339.7286,330.54727,334.55826,275420.06,9467376000.0,2025-04-15,8,2023-03-30,2024-11-15
