true_open,true_high,true_low,true_close,true_volume,true_amount,pred_open,pred_high,pred_low,pred_close,pred_volume,pred_amount,timestamp
306.4,310.8,303.8,309.2,268634.0,8358214656.0,295.9076782258461,299.519878932839,291.00585636960784,295.0068344913865,190999.42183711618,5610685237.8911,2023-11-06
309.2,310.6,302.8,305.2,133977.0,4143070976.0,311.84374047253056,313.78525307337713,306.63919744239774,309.8472698506718,216023.4480365526,7001548417.328466,2023-11-07
306.0,311.2,304.0,305.0,128798.0,4001595392.0,303.5324586143229,310.59874588954335,300.52792673165766,305.2648764353359,171426.58414505364,5778165811.889914,2023-11-08
301.6,305.4,301.6,303.4,102722.0,3148082176.0,303.9264293703809,311.50570583189256,300.770905718229,305.81907785489466,144019.18978678912,4952747291.974911,2023-11-09
301.2,301.2,297.8,299.4,98718.0,2987541248.0,303.1145135423784,305.31892992004975,300.88220914669625,302.17616350891706,127034.03964109908,4208711996.712939,2023-11-10
298.8,308.4,296.8,306.4,135860.0,4154170112.0,298.2520143785864,301.12601319132114,295.1343167595694,296.995988104098,127446.47865598642,4475730949.376714,2023-11-13
308.4,308.6,302.2,304.4,124774.0,3842261504.0,303.27385390033135,310.12539359645973,300.2176035089306,305.47223802610995,149541.76900000605,4825002949.377381,2023-11-14
313.2,320.2,310.6,319.2,324547.0,10350836736.0,303.41211778691775,310.0735975093881,300.2485122897187,305.40455294146585,162552.9087911986,5357073582.510808,2023-11-15
326.6,326.6,312.8,321.4,352960.0,11408056320.0,320.7385360779384,321.3177194713345,315.20270353711254,316.89085327763473,258899.9291472938,8061027147.7179575,2023-11-16
320.2,320.2,309.8,311.8,219702.0,6964405760.0,319.2846760793047,323.96333060707326,315.3680444567232,324.2809004560746,233688.45714835613,9011479268.476664,2023-11-17
312.8,325.4,312.8,323.2,277827.0,9006003200.0,312.8867760619118,316.02170873846524,307.2434878452014,312.98357977095253,223688.04913705762,6766923308.003631,2023-11-20
327.0,329.2,320.2,321.4,241887.0,7943867392.0,320.356464366957,329.45604078845,315.8667454139625,323.1866421460077,231225.17830995467,7835219738.943548,2023-11-21
324.6,326.6,318.6,321.0,141698.0,4616781824.0,319.90178924472576,325.7056388339046,315.6006152238149,322.9208367940259,207598.54664857342,7928108829.162003,2023-11-22
323.2,326.2,320.2,325.8,145312.0,4757635584.0,320.9885496351359,330.9041094334917,317.13841801564297,323.051389293506,155570.57375790068,6063063302.123878,2023-11-23
326.2,326.2,316.6,317.8,152365.0,4930730496.0,328.1765102879467,328.6661573734012,320.8511761711295,326.354476851706,164767.88944161785,5623187753.692212,2023-11-24
321.6,321.6,314.6,319.4,122321.0,3932052992.0,318.10358774117884,322.22707958962235,314.7924418049534,317.08799537481667,175920.16713688406,6331048292.778313,2023-11-27
321.0,321.0,313.6,316.2,151537.0,4845979136.0,320.51053706112214,321.1678176774622,315.99666321013547,317.4593142340746,169135.703732937,5789482572.171359,2023-11-28
319.6,320.6,310.2,313.6,168567.0,5350806016.0,317.0720969252631,321.9537145057248,313.69963132295845,317.26372709780344,180960.88400852488,5823344345.513265,2023-11-29
314.0,323.6,313.6,323.6,303081.0,9825335296.0,312.63288920651024,315.4114859715672,307.29987736657364,310.5268657606542,204985.32118454084,6070368526.149739,2023-11-30
321.4,322.4,315.6,315.6,151497.0,4879489536.0,320.5343386485197,329.1590120043527,315.82107478518765,324.1867969599031,262150.4816699811,8839797966.508617,2023-12-01
319.6,320.8,311.8,313.4,149072.0,4757921792.0,316.93042140432584,322.1102769745123,314.6493036934903,317.0425460911182,179243.38293171415,6026533606.778888,2023-12-04
317.6,317.6,301.6,305.4,237300.0,7365273088.0,313.2996429224097,316.2035060142187,308.1285149159301,311.28192413307505,169943.4991159878,5909848882.221284,2023-12-05
303.2,311.4,299.0,308.2,158962.0,4923099648.0,304.0225451324467,312.26977272120604,300.9312103535846,305.79023901662174,188578.86753040258,6319518991.076587,2023-12-06
305.6,307.8,300.6,304.4,137037.0,4202919936.0,309.831923721803,311.4691198585185,303.94758821955224,309.3511697429849,171040.49159602504,5857260692.039892,2023-12-07
304.0,305.8,297.6,302.2,166006.0,5058680832.0,303.92963096481895,310.3948775849466,300.72053623670865,305.98861866550857,154804.887949573,5112626210.749741,2023-12-08
297.4,305.2,295.0,303.8,184022.0,5572601856.0,303.014596923198,305.91383863168716,299.8765719144683,304.50725539894376,179708.68695687057,5416792761.039321,2023-12-11
303.6,308.4,302.8,308.0,129959.0,4023373056.0,303.18133570383355,305.2689355522347,299.84966874727263,302.1268626017949,189935.31251900265,5594616589.015996,2023-12-12
306.2,307.4,301.0,303.6,141451.0,4349541888.0,310.1662199896356,310.6778058231332,304.76064412648634,309.29236218438314,162840.85267342743,5209276303.781747,2023-12-13
306.6,310.6,301.2,303.0,171988.0,5291010048.0,303.5663942247456,310.0735975093881,299.65109312596655,305.30269721549604,178045.7984362144,5496987286.076479,2023-12-14
307.6,316.0,305.6,311.0,309179.0,9741462528.0,303.6882488646141,310.2552858781737,300.06247500820797,305.7409381094996,177698.30017091366,5313716011.094181,2023-12-15
306.2,309.2,306.2,308.2,120950.0,3761863936.0,312.7141121176469,315.32769683845925,306.98390596541327,311.4618037530768,222803.64455987315,7283858637.449269,2023-12-18
307.6,311.0,303.2,308.4,125303.0,3892814336.0,309.7383820101164,310.6744794412242,303.9651202297466,309.6290052372382,172527.62331839107,5843514755.784211,2023-12-19
312.8,314.8,308.8,310.8,141874.0,4471236608.0,309.9394023589337,310.8656175520396,306.85803757208913,309.04479747973727,152762.00140536416,5194191556.685093,2023-12-20
305.8,310.2,305.6,309.2,101670.0,3167141376.0,313.10687517362254,314.99480631066183,308.49755830788473,311.20378438768,142671.45825200863,5186253054.273467,2023-12-21
313.6,313.6,260.2,270.6,1470149.0,40572370944.0,311.86165413917547,313.9696628527016,306.94250775528405,311.2714694723241,139541.14300849068,4737313942.998008,2023-12-22
278.8,287.6,278.8,281.6,644710.0,18422333440.0,288.44896606282026,309.2486869502601,263.95674438763416,293.46378009309643,1060863.6310216694,71029347782.75172,2023-12-27
281.6,292.2,281.4,289.6,378407.0,10982108160.0,288.5964881093777,289.8319378637404,283.1988343410597,291.5818365673012,1040561.04959206,23828519832.477943,2023-12-28
291.6,292.4,286.2,290.2,196247.0,5748958208.0,287.16734955811654,289.34695163053345,284.1928736756334,290.8990363075172,381713.22538352554,12827714703.872704,2023-12-29
296.6,301.6,291.0,293.2,233541.0,6962384384.0,289.3201455912717,292.78360688319316,282.4055704646326,289.5407511145642,258210.1214954697,6599801932.996216,2024-01-02
290.6,298.2,289.0,297.2,203917.0,6085147648.0,294.8175200198529,301.75540224301415,289.2626244017462,294.1946278154477,232011.1986739895,6917320352.891972,2024-01-03
301.0,301.0,294.6,295.4,202174.0,6060645376.0,294.5753877804554,306.2102168185976,288.3459033147147,293.8998287611904,210434.97653448564,7042637930.74942,2024-01-04
292.0,293.2,286.2,288.8,237450.0,6955882496.0,292.25863368586096,301.02452324810474,289.5034337467166,290.62196090464954,174491.58191989834,6655544418.317907,2024-01-05
291.0,291.2,281.8,284.6,167185.0,4808946176.0,288.0674886528355,292.6276511477399,286.90013014748945,290.131219028108,201490.9155333415,6358278648.333051,2024-01-08
282.6,285.8,280.0,280.2,169275.0,4836417536.0,285.2815461995334,291.2238617491121,282.48667910375264,290.5100618880748,214515.4780917929,6230062458.418722,2024-01-09
278.6,281.8,273.4,276.8,191461.0,5366551040.0,283.33141126234074,285.9650040549853,280.3008570243262,284.1216229981874,192485.12999428876,6782255763.7163,2024-01-10
277.2,289.0,276.6,284.0,206046.0,5923779072.0,278.09977052498607,281.44494045103625,274.07889366537944,278.1478893474851,215518.53464213383,6915784678.282364,2024-01-11
282.2,289.6,281.4,285.0,157701.0,4564846592.0,283.9323256531459,289.23624404757766,281.09479469950276,285.5386791927377,234649.50309934246,7846633430.264594,2024-01-12
286.6,290.4,284.2,286.0,163344.0,4735733248.0,284.5983952847763,288.86220886122305,280.7778326238083,285.1981457337456,170993.07086821625,5210756951.784774,2024-01-15
280.4,285.4,276.6,279.0,222361.0,6296368128.0,288.0800819671284,291.3909159064504,284.9245557741874,286.0597424159279,186348.93516651395,5533736871.18976,2024-01-16
273.6,275.4,268.8,271.2,361142.0,9920053248.0,282.49996836604686,285.19113067647385,278.6661961236651,281.6583850166314,201602.97109260646,6191662930.494479,2024-01-17
271.2,275.8,267.8,274.2,246041.0,6776283136.0,274.5332213077649,278.73297912521383,270.86529937200424,272.8755184310032,276713.9529108372,7635478262.201114,2024-01-18
271.6,279.2,264.8,267.8,268975.0,7357693440.0,275.2098250583576,278.7815199411998,270.3074410447648,274.4320306396147,234043.0094855697,7070177430.215534,2024-01-19
267.2,268.2,256.8,258.8,336548.0,8880717824.0,267.7057553567442,273.72754450377886,266.05409335348486,270.06729306466343,219374.641132771,6126936143.3134985,2024-01-22
263.4,274.8,259.8,268.6,356108.0,9683595264.0,258.5209028837339,265.4916382500206,253.71799901497582,258.7324125539621,265322.8422625604,7459786416.71574,2024-01-23
276.2,281.0,268.8,278.4,338636.0,9417935872.0,273.4091819510899,273.28343949133864,265.30046214556813,269.33039382932503,299937.08494838345,8307954303.7730875,2024-01-24
281.6,288.6,277.4,287.4,341608.0,9841463296.0,281.1707749532425,282.22482464740574,273.24292226412905,277.76368487192866,323630.3437335497,8415679725.57199,2024-01-25
284.8,286.8,277.8,279.4,248158.0,7079876096.0,287.1128825740214,291.6190836466731,281.685248752491,286.483979401883,288475.66509253037,8316207251.739388,2024-01-26
282.6,285.0,276.0,278.6,201590.0,5699931136.0,283.2035211785944,289.6530755802011,278.6172119117193,284.5142978265399,244669.69193932044,7408401679.6621685,2024-01-29
273.8,276.6,269.6,270.4,215060.0,5913403904.0,282.8103526083424,285.6472009818533,278.17099778086765,281.2321243361967,201931.772787749,6384607623.927462,2024-01-30
270.4,274.6,265.0,267.2,200530.0,5438242304.0,274.4354408256571,274.36877220617447,268.39879366428517,269.32381974345736,217533.77712960273,6235291716.951441,2024-01-31
266.6,274.4,264.6,268.2,173295.0,4720878080.0,267.77883588256447,273.6603542839611,266.2209948336277,270.6617559041418,213722.4536256486,6495387741.475562,2024-02-01
281.2,284.2,271.6,276.0,310538.0,8741240832.0,273.8364613681873,273.15683675825227,266.40511364020483,269.22134400135195,205439.6485023803,6427961600.537237,2024-02-02
275.0,280.0,270.4,276.2,204566.0,5693720064.0,276.2483829287063,283.8531053995632,272.74556338802506,282.35551860161735,289162.39881424565,8939548019.139368,2024-02-05
276.4,289.2,276.2,287.4,288569.0,8307954688.0,276.54046721909737,279.76484135698774,272.9560411533086,277.26059948610083,222985.5004882286,6536872036.486278,2024-02-06
291.6,293.6,285.4,288.8,263437.0,7718411776.0,286.9617264617811,290.77760774373843,282.4319147991992,286.92792307491425,244722.9650458756,7256729511.436125,2024-02-07
286.6,289.8,283.0,283.8,179107.0,5168657920.0,288.6048393088907,292.3251596149581,285.57568896329207,289.28275221264715,248301.43798395013,7731508493.401393,2024-02-08
281.2,284.0,278.0,283.8,67321.0,1913725696.0,283.63001322676286,288.86578957473864,280.9275130538208,284.5439575558631,209834.04211986772,6384072334.548083,2024-02-09
283.6,287.8,278.6,286.6,115674.0,3330238464.0,283.75966952461727,285.2429267635455,280.3200093735356,282.717024305047,142938.33413969656,4826005283.3691025,2024-02-14
285.2,286.6,281.6,282.0,125680.0,3601580288.0,287.4714061533287,292.51796318936454,283.4505714252948,286.6218953042218,143253.2004327924,5372341840.514115,2024-02-15
282.2,288.4,277.0,288.4,172154.0,4948591616.0,281.2150225080191,288.86220886122305,280.264999207383,285.5386791927377,171645.9124575641,5460142951.126797,2024-02-16
288.0,288.0,280.4,281.4,154153.0,4415094784.0,287.8734830040468,290.90878926652215,284.2541072084095,286.9645885404015,173064.67132392616,5093148782.040364,2024-02-19
283.6,284.4,277.0,280.8,157730.0,4459365376.0,283.67284529963547,289.23624404757766,280.44072280844244,287.33938160191195,185568.11608152717,6148305437.3187685,2024-02-20
277.4,291.2,277.4,285.4,239472.0,6932699136.0,282.5515304515807,285.35528895830504,279.17516767897087,282.91934670955385,194286.78575031794,7437127552.000693,2024-02-21
284.8,288.0,283.4,288.0,124413.0,3603266048.0,284.4529266638398,290.3802444454607,281.88970096404375,290.039357089259,193033.97621297865,5978206102.869453,2024-02-22
286.6,293.0,283.6,287.4,132298.0,3842413824.0,289.06056120106115,291.70879868100445,285.3750336356868,287.593225542539,159591.8437466811,5447272347.9429455,2024-02-23
284.0,286.8,282.0,283.8,124124.0,3559024128.0,288.76426216125566,292.45765191174894,285.2926303694032,289.88841673073614,150378.1002816566,5043951279.996208,2024-02-26
282.8,282.8,274.8,281.2,236126.0,6662498816.0,284.3953465468932,289.06605302674086,282.7290380139477,286.30123657095163,154766.18748249213,4861915385.666231,2024-02-27
281.6,282.4,273.0,273.6,259035.0,7245008896.0,283.34757488718805,285.11717879267,279.28059596548223,282.2179586075044,212834.81771777727,5905232121.010647,2024-02-28
271.8,275.6,271.2,273.8,297219.0,8231584768.0,277.0985538835754,283.9696330970639,274.69048239953344,281.3849932866547,197170.84237822177,5880957864.335471,2024-02-29
269.6,275.6,268.4,274.0,279527.0,7713358336.0,275.67562753008207,279.04500717991215,273.5962209110175,275.69327866593005,252156.0147585631,7478919098.757776,2024-03-01
274.0,276.6,271.4,272.8,138321.0,3823469312.0,275.52272161639905,279.00229335854254,270.2433237021393,276.1315195599336,272458.7019886614,7608210599.523237,2024-03-04
266.8,269.8,262.8,264.8,260551.0,7021429248.0,276.0881160775128,279.1686922477096,273.246983356996,276.1313403154888,196066.29071022806,5730978987.341554,2024-03-05
262.6,273.6,262.4,271.2,232893.0,6357883904.0,267.44675691225376,271.0076394372905,265.42339507099985,269.63565921649337,228017.70602458488,6888483185.773436,2024-03-06
271.4,272.2,265.8,267.6,171597.0,4665844736.0,273.643254225442,278.5733221276882,267.4086849767774,272.1899761411788,202363.9589335374,6194466763.944483,2024-03-07
268.6,272.2,266.6,266.6,124162.0,3380545536.0,268.03199982194053,273.2568778667405,266.88125244145897,270.23683387527734,202904.8158583014,5778252610.270685,2024-03-08
267.8,275.2,267.8,275.2,178669.0,4936584704.0,267.8907213751506,270.79761454318026,266.5704877867808,267.73748649210387,165701.99428982384,5202638385.8796,2024-03-11
278.6,289.2,276.8,287.4,365311.0,10506831872.0,275.3497317633725,278.44813146828704,269.20532132919465,274.7761362006234,225124.98522947571,6838514254.645715,2024-03-12
288.0,290.6,285.2,287.2,200744.0,5850784768.0,286.56020020804937,290.8957996079401,282.5192465001224,286.19690401698267,307148.94978712243,8805803169.628796,2024-03-13
286.0,290.6,283.4,285.8,142274.0,4114240768.0,289.0839066606147,291.740295610687,283.11826966312987,286.1971146950636,223694.7567884882,6246123418.748867,2024-03-14
279.6,282.8,276.2,280.4,291830.0,8265577984.0,286.2238481858976,289.8224402078009,282.8348097178967,284.8099527628874,174575.10086080604,5555976224.568262,2024-03-15
278.8,288.0,278.8,286.4,196333.0,5654374912.0,282.72664454913536,285.19113067647385,278.45571835838155,280.7733554570597,228959.41135838613,7221388416.501765,2024-03-18
285.6,287.8,281.6,281.6,156354.0,4493812224.0,287.6887790219711,291.16317217809274,283.9685622631315,285.4299323915695,196448.06544359718,6156078867.410599,2024-03-19
282.0,286.8,279.6,285.4,156222.0,4499879424.0,282.9959793767965,289.1316928497099,280.538696189192,285.73654316931436,181256.80151490768,5222489156.2782,2024-03-20
291.8,294.8,286.2,287.8,368687.0,10838694912.0,283.99427141449837,289.0404379119551,281.0659222353503,285.2412363304967,170191.02694012632,5049466856.113417,2024-03-21
284.0,287.0,279.0,285.4,264322.0,7578584064.0,290.3048012527882,295.6992748064275,287.09598880418457,291.8229283319182,281047.56747765804,8792344033.295132,2024-03-22
285.4,287.2,281.6,285.2,211272.0,6091145216.0,284.5644866604866,289.33233551741233,281.28438977329046,286.1505184197079,232683.90032994354,6897275480.663795,2024-03-25
282.6,297.2,282.6,296.0,339986.0,10047178752.0,285.47614688263997,289.7877433265568,282.7021193536061,286.4719354646348,209222.30236928133,6592860176.2007885,2024-03-26
292.6,304.2,292.4,298.6,387531.0,11767791616.0,294.07512918475527,296.5198077005511,288.66116788403565,292.43706856505855,270393.7216304947,8420002320.405111,2024-03-27
298.6,306.2,298.0,300.4,300008.0,9153818624.0,296.59782682283986,301.4506474956326,291.6140628454707,296.9267960858067,308363.88659622124,9147413646.934645,2024-03-28
305.6,309.0,304.4,305.8,265616.0,8219109888.0,298.6084410916093,305.59735161119676,295.7689111718808,303.96563797710405,294403.1234672154,8536584728.322351,2024-04-02
308.6,308.6,303.0,305.0,196969.0,6080044544.0,303.468152186009,311.07408619143536,300.2287267309177,305.6898807643273,230841.07398370566,7249163690.863126,2024-04-03
306.2,308.2,301.0,306.6,135824.0,4191612928.0,304.010820816027,311.4692412581333,301.38890949266033,305.7401723837168,205009.65761944788,7295571781.659964,2024-04-05
301.8,307.6,301.0,302.0,216565.0,6642554368.0,303.7881654837945,310.5288700136803,300.84120780734145,305.7514635049942,173600.05839594538,6043510852.605524,2024-04-08
304.0,305.4,299.6,301.6,178794.0,5461280768.0,303.4733743860436,310.5288700136803,299.7544539073539,305.55423833879536,201474.21641177384,6337675276.026486,2024-04-09
303.0,311.8,303.0,310.8,247301.0,7718210048.0,302.96646122526306,304.918310959086,300.9291114391009,301.6329879253693,197009.26779751165,6054039289.297581,2024-04-10
306.4,313.2,305.6,311.6,188350.0,5912379904.0,312.9992496323409,315.1402408176373,307.6243674500739,311.4585866200181,218619.9730588306,7665038353.275043,2024-04-11
310.6,314.6,306.0,306.2,230313.0,7201401344.0,312.8818963626864,315.0805984025991,307.5549022947824,310.9324781842951,217077.69653629168,6853853729.936379,2024-04-12
301.2,305.4,300.4,301.0,182953.0,5593339392.0,303.51483213921176,311.2140369174034,300.39880732662664,305.7602801358175,220681.36525361417,7240001668.397942,2024-04-15
297.8,305.0,296.6,298.4,196916.0,5979714048.0,300.36978024202114,305.143113265165,298.5831921908398,302.01232857586126,209444.4534038925,6094480998.699105,2024-04-16
298.4,300.6,294.4,297.4,144105.0,4332377088.0,297.025198025144,300.87862883372816,292.33402856041744,298.6119463127684,194277.4171826077,6351024128.1525755,2024-04-17
298.8,305.4,295.2,301.0,190589.0,5817113088.0,296.55249788624445,299.5130132114616,291.52866475121516,295.2610288055167,175467.3583707908,5641167506.629207,2024-04-18
300.0,302.0,296.2,300.4,194726.0,5891458048.0,300.42110747879605,304.3059028355709,296.0559991973158,300.7946245739025,187220.41726022115,5626854885.628093,2024-04-19
304.6,319.2,303.4,317.0,411333.0,13065634816.0,298.0300082707786,301.9516005508638,293.02203385213244,298.7713742095995,195977.10846368948,6080921743.643797,2024-04-22
322.6,330.2,321.8,329.0,438217.0,14443016192.0,317.2710507764579,321.19266524415497,313.4199873326989,317.0037221685591,254732.26223437814,8805064524.070002,2024-04-23
334.4,341.6,332.0,340.8,414727.0,14131709952.0,327.99647624320835,331.8721442589955,323.5733895208037,326.22011843181446,279631.31479152915,10657037109.592245,2024-04-24
336.8,343.0,333.0,336.0,277276.0,9447180288.0,338.87587641351246,343.78106285377777,333.15881127633475,338.78952050089305,252621.56693944227,9532979920.284298,2024-04-25
336.6,348.4,336.6,345.0,295995.0,10298056704.0,337.7426629736905,340.7325046667873,333.0812579657423,336.30745336719616,235544.22926474785,7989021185.132854,2024-04-26
345.0,351.4,341.8,344.2,254165.0,8909314048.0,344.63013441825916,347.4433877171386,339.42628071510893,342.9815414828056,255328.40889309818,8891297934.812624,2024-04-29
346.2,347.4,340.6,343.8,159570.0,5549476864.0,344.3792845756068,348.53418002467225,339.12578269631325,344.2910662723803,238223.0536851363,8329687179.541384,2024-04-30
345.6,357.8,342.0,357.0,224796.0,8048229888.0,344.5050624482661,347.37756413509777,339.0541742880557,343.74879557213166,189637.6727116064,5903799025.315765,2024-05-02
367.6,369.2,357.2,361.0,235923.0,8612647936.0,357.5682729812147,361.72391599208896,352.0845105388771,355.720074916363,223240.3378609171,8102739628.781281,2024-05-03
361.2,369.6,359.6,366.8,262083.0,9662185472.0,361.0734641723856,364.23676999636854,356.34188483867,357.5404756740655,238085.685892722,8704146832.476328,2024-05-06
364.0,367.8,360.0,362.4,194081.0,7119649792.0,367.5384060448176,372.6058352427593,358.3033059925984,362.0809425528979,241872.03354195566,9465890591.312334,2024-05-07
363.0,368.4,356.4,358.0,200581.0,7307654656.0,362.7331153652172,367.0857728656312,356.23818618946666,359.32750026417676,214757.86712881003,8727709279.761202,2024-05-08
357.6,366.6,357.0,366.4,160260.0,5882164736.0,358.4385318514951,364.12447724731913,352.91060625829294,358.3527048932607,217562.45866890892,8499340460.173344,2024-05-09
370.4,370.8,361.6,367.6,156930.0,5809252352.0,367.9756807123583,372.43720205366094,359.37436692797553,362.4444993706542,209245.82107748344,7462262316.137709,2024-05-10
365.2,376.6,364.6,374.8,205581.0,7727774720.0,369.39319907728463,372.2862487899743,362.9617214156501,364.62676381145053,190590.10536023247,6841332940.324154,2024-05-13
377.6,381.4,375.2,378.4,216031.0,8251923968.0,373.24239358224185,375.71298982589207,366.17984332273505,371.06412779246904,230012.58136075514,9026811512.518059,2024-05-14
396.6,397.6,391.2,393.6,584308.0,23268552704.0,378.6319143780156,380.0120350807378,369.9806725370601,377.2223073213727,210819.84660273796,8644330118.331255,2024-05-16
397.0,400.2,394.2,395.0,279164.0,11081611264.0,389.7411713543367,394.4725799351635,381.13369100729693,389.58654173172926,363958.8041528616,14429397786.81294,2024-05-17
397.0,399.8,392.8,395.0,223320.0,8829406208.0,390.24927580418955,399.92861902792066,382.0321807893741,393.8035739460193,255031.2566837013,9044808881.564379,2024-05-20
393.4,393.4,379.6,383.6,306798.0,11791772672.0,390.8218499113071,398.87652985606013,386.33103281077643,390.73983945415785,237826.98606341865,9242670392.352886,2024-05-21
379.2,386.8,376.6,384.4,223748.0,8564093952.0,389.0821334939259,394.2944556031515,383.31737121565885,388.09803515844925,261420.60172170322,10415488002.315693,2024-05-22
380.6,384.0,376.4,381.8,183240.0,6982436352.0,388.30819563935086,391.64579920133514,384.6267761571648,386.159844025519,228853.04427663586,9151660520.921268,2024-05-23
378.2,382.6,374.8,377.0,191433.0,7222648320.0,385.6930627006754,392.4034889635429,380.5845646463981,384.60526561411336,207645.12799828342,8535902830.539394,2024-05-24
372.0,377.6,362.4,377.4,321321.0,11927774208.0,376.18982774312957,380.9806294116817,370.88046304888024,379.94462779538367,214340.78175504977,8809734916.949467,2024-05-27
377.2,386.0,373.4,380.2,166148.0,6330014208.0,375.1795952258204,380.24768158230773,368.0985693830575,377.2129143878919,280188.1612697519,11231734491.477339,2024-05-28
377.4,379.8,369.6,371.0,273782.0,10232748032.0,384.5951631969811,381.08852318103015,376.0023643028849,379.17863394778317,195728.17949453418,8897732155.878336,2024-05-29
370.0,374.2,365.8,368.0,220065.0,8119057920.0,372.6986326511664,375.99738295475896,366.6493884188547,366.2764974261381,241371.41733411502,9400883110.464642,2024-05-30
371.2,379.0,359.8,359.8,400359.0,14674998272.0,370.6002308302866,374.6117431725382,365.2815724840475,367.2195616101202,229985.79626991693,9489591539.967611,2024-05-31
366.8,379.0,366.6,375.0,281254.0,10465479680.0,358.63039920341487,366.3616991020412,351.38442035832105,359.904874028467,294542.50003277184,11734085759.545786,2024-06-03
375.0,379.6,373.8,377.4,180431.0,6808408576.0,373.34524744474754,378.5073400447394,368.3090154886277,371.5824444987342,256707.12553927317,9192661215.933416,2024-06-04
377.6,387.8,377.6,380.8,202054.0,7734931968.0,374.9076994365365,380.6063658155563,370.572260825117,375.65663558824644,202657.96534785375,7832977588.209228,2024-06-05
387.4,391.0,379.0,381.6,188889.0,7252563456.0,384.70864784187705,381.34010863340734,374.8155773424296,378.3571845732924,212074.70139316237,9107910854.648375,2024-06-06
383.0,384.6,372.8,374.8,252473.0,9484569600.0,384.4068424482375,388.6357705938327,378.06191819409145,382.85225455322336,213481.45083729847,8407309827.569266,2024-06-07
367.4,377.8,367.4,373.8,264968.0,9897549824.0,373.68051740999147,377.53954229733114,368.04366621661086,371.23094535838646,238878.23694575785,9675851095.579676,2024-06-11
373.8,377.8,369.6,370.8,149601.0,5568239616.0,373.92591242837364,377.5457252004393,368.7874709346335,372.08139589653763,240808.82270478737,9310748055.331173,2024-06-12
376.4,380.6,373.6,379.8,153370.0,5782500352.0,371.0709232143915,374.9872086645211,366.85642045065936,367.4847769411585,179004.35212452093,7226300278.039173,2024-06-13
383.6,383.6,378.6,379.8,208593.0,7947024896.0,384.25694538922994,381.2674759153222,372.2265828611065,378.67629388769296,183168.60033200245,7640313566.368203,2024-06-14
376.2,385.8,374.8,381.2,152811.0,5828851712.0,384.00307115619427,380.3220328672728,369.9003903136494,377.07629380130743,230313.42718266553,9405900539.31546,2024-06-17
381.4,383.8,377.0,377.0,142789.0,5421694976.0,384.34025483759524,388.75548488748365,378.32114023033233,382.0777958313126,192699.0334737844,7596955194.627651,2024-06-18
380.4,391.0,378.4,389.0,223135.0,8621511680.0,375.78965977349117,380.20723158869987,370.3809026751473,378.64185157657863,164111.28696143217,6473655827.085681,2024-06-19
392.0,392.0,385.6,387.6,140490.0,5458760192.0,390.29533312144446,391.15391423225014,380.70712098517475,383.9649829734297,222446.2196227932,9125110254.818665,2024-06-20
383.8,385.2,378.0,381.4,258550.0,9865327616.0,389.9014353281621,395.04310776383653,381.9380841153555,387.32182571072417,180432.81732834096,7201922821.374004,2024-06-21
377.6,381.0,374.0,380.4,129196.0,4877043200.0,385.2448770882773,391.31725414394634,379.3494050671935,383.3326292201103,217335.88332532643,8594913899.672287,2024-06-24
381.8,385.0,378.6,382.0,127895.0,4886651392.0,384.52807902187095,381.45513716635816,374.802987287593,378.39019223958485,180149.2616126171,6891893440.593032,2024-06-25
379.2,383.0,377.0,382.0,118869.0,4523976704.0,384.76020992741087,389.6503864404055,379.24176151791164,381.8405604904733,170443.4863358632,7053592069.137035,2024-06-26
379.6,380.0,372.2,374.4,175138.0,6579330560.0,384.65273129028014,389.4226123724533,379.15481482495005,383.1526337487454,147678.53525501626,6186517433.231992,2024-06-27
371.6,376.0,370.8,372.4,155611.0,5808359936.0,373.98360337405626,376.16103497926844,368.93502918163125,371.70639154279013,201088.25852385297,7699085631.02384,2024-06-28
367.0,376.2,365.2,369.2,272666.0,10065078272.0,374.17422518687266,377.02654614315486,369.62798512076677,372.84607548134477,171460.50927348388,6933528306.692878,2024-07-02
366.8,380.8,366.8,379.4,222570.0,8344723968.0,370.42542828707457,372.8659739072297,364.5288734653385,367.7469216555668,224567.4743543019,8736011906.976887,2024-07-03
386.8,386.8,378.6,382.4,154371.0,5903308288.0,379.2207232781271,380.7768032758568,370.4101687285252,378.90286407962265,255209.36843243366,9232271460.709024,2024-07-04
384.8,385.6,378.8,379.8,105221.0,4013583616.0,384.57714945514624,390.00594739667724,379.5920800649287,383.3052999289735,171747.15211596445,7005476868.896717,2024-07-05
381.8,383.2,375.6,378.6,116232.0,4404429824.0,384.19369296901067,380.5080021071732,372.0878893120667,378.96350119403263,150643.896275838,6310534589.37764,2024-07-08
377.0,382.2,376.0,381.0,130244.0,4937582080.0,379.28585200001066,379.72141721378296,370.75023942622596,377.5840473222918,147638.8313573339,6127271957.340502,2024-07-09
385.2,385.8,376.8,377.6,155866.0,5939592704.0,384.8425513049512,381.5583395202476,375.1620744597165,377.8554438588755,288532.27567532787,9657288405.582384,2024-07-10
379.4,386.0,378.2,384.8,165901.0,6361566208.0,375.78965977349117,379.98198422221134,370.56418961742247,377.72655079135404,148832.03746266878,6674544091.514238,2024-07-11
390.8,397.2,389.2,397.0,275214.0,10843285504.0,387.56512497925814,388.2530659650169,380.53453224685103,383.366341774193,213829.01160699825,8106475367.876703,2024-07-12
393.2,397.0,388.6,390.2,136802.0,5356488192.0,392.22233908144784,397.7323273492859,384.7722685746869,390.215111126156,237072.96989866206,9348800972.250916,2024-07-15
386.0,387.4,377.8,378.0,190611.0,7266853888.0,390.7660289402939,395.5633562196463,384.7485691978977,392.12338406294083,163603.43976360373,6449043668.762651,2024-07-16
375.0,377.4,368.4,371.8,258578.0,9626460160.0,376.7686848815412,382.1768808748236,372.23750292006025,379.5670002637853,192565.1380273257,7618698430.338519,2024-07-17
368.0,371.6,367.0,369.2,189447.0,7004246528.0,373.65739406604473,378.3644070094888,369.46193337211395,373.95415271769366,220703.49103833738,9254955379.914185,2024-07-18
366.6,368.4,363.0,364.0,230885.0,8436931584.0,370.8709908112426,373.2337236610291,366.1005285149674,367.03299441293456,189342.21344680674,7861762251.349631,2024-07-19
367.2,375.8,365.4,373.2,169609.0,6308845056.0,364.84109824056577,368.06044215017516,362.15266899836564,365.8030713656955,196513.46880337852,8136339836.759517,2024-07-22
375.0,376.4,366.0,366.2,121045.0,4468644352.0,374.12266310133884,376.5501103491173,366.7412553353114,371.4011261556218,189396.22130875883,7227291920.646276,2024-07-23
365.8,369.6,360.6,363.2,118002.0,4296613376.0,370.3451554862539,371.97119476406584,367.3253171841914,366.417433864205,168232.057694159,6941353371.452494,2024-07-24
360.2,361.6,351.0,351.2,257873.0,9109435392.0,363.9400650086878,366.75101702733207,358.09129445937964,364.1516712288811,149287.03043851638,6371883979.917177,2024-07-25
352.8,358.4,352.4,354.4,132673.0,4713927168.0,351.79274790788406,357.2914723651905,346.4653880344504,353.70169847454076,220749.76029632814,8526184610.357258,2024-07-26
359.8,362.0,353.8,358.2,128722.0,4621511680.0,354.97321295432295,358.8096790107257,348.2529756329039,352.99605972869676,168688.0314234792,7005250023.961104,2024-07-29
355.4,357.6,352.4,353.6,97496.0,3449680128.0,357.96604667065395,361.73339356618294,353.1836149047881,357.7284055971544,177001.7246041712,6643794022.936008,2024-07-30
352.2,366.8,351.0,362.2,203043.0,7342932992.0,353.9262046545904,356.37199206309793,347.5302051651048,350.99523897936126,180142.8699197932,7616425438.521409,2024-07-31
363.8,368.6,363.6,365.6,124123.0,4542267392.0,361.8355566179231,364.74023484767343,357.00522713710194,358.8812323353957,187643.29262564547,7224639168.120692,2024-08-01
360.8,365.4,356.2,358.2,177076.0,6362989568.0,369.1020451088997,371.4982471481977,364.4887857789848,365.1274776384992,157147.8400856451,6327964219.904736,2024-08-02
352.0,364.2,349.0,356.6,229635.0,8149878272.0,358.35413444839986,362.7550306768643,352.18184518009275,356.4567389280407,194646.3304176929,7431773949.049909,2024-08-05
360.6,363.4,349.4,354.4,176744.0,6271400448.0,357.99682596266047,361.71607742897515,352.36253068778325,357.8801600296145,243193.4605481686,9242474837.582478,2024-08-06
355.2,365.4,355.2,363.4,158403.0,5741645312.0,354.1863231810453,356.98840813696074,348.3437552778816,352.47118626941165,166128.89878660714,6732043925.466328,2024-08-07
361.2,374.4,359.4,368.2,188115.0,6937668096.0,361.8527617053372,365.1729533561147,357.7961444589874,359.103704043214,172226.35754190775,6487260289.477098,2024-08-08
371.4,376.0,368.4,370.0,163539.0,6076519424.0,368.0975353522268,370.39408968948584,358.33586751429436,361.47179499741515,183797.634733867,7292027705.734439,2024-08-09
372.0,376.6,370.0,375.0,102153.0,3820531968.0,370.16871131724236,373.6268598847565,365.8257351983162,366.90232575110986,185953.86513838443,6898374315.734649,2024-08-12
376.0,380.6,375.6,378.6,135904.0,5139849728.0,372.94886925637013,376.86804913434247,368.7576724949882,371.11926291562924,132060.43050081393,5548091678.004481,2024-08-13
378.6,379.4,369.4,373.8,186927.0,6972998656.0,379.294527676048,380.0803039535573,370.3158856770044,377.66990695756317,166373.1934234652,5956888564.709796,2024-08-14
366.2,374.8,364.2,368.4,214438.0,7911689216.0,374.12266310133884,376.4166752318579,368.6191239742131,370.6713985590159,187531.7510337155,7489076388.001849,2024-08-15
372.0,375.2,368.8,372.6,164143.0,6118049792.0,370.7182747238698,373.96925387093944,364.1759527452638,366.81999090195944,210016.57186509922,8384093976.730724,2024-08-16
377.6,377.6,371.2,372.6,152102.0,5682955776.0,373.9492463759365,376.37188129838523,368.5763131521455,372.22227484725465,201137.4374811974,7510931060.82245,2024-08-19
372.8,373.8,369.0,370.4,118526.0,4396264960.0,374.17422518687266,376.4166752318579,369.36346227477253,373.0853638817327,165652.2241705316,6055401734.217071,2024-08-20
367.4,373.8,365.2,371.6,116471.0,4321314304.0,370.48421521353646,374.1083844310769,366.25641922195274,366.66851546731925,147469.7888039932,5944101943.242851,2024-08-21
374.8,377.8,371.2,377.8,167869.0,6292362752.0,372.81882981683776,376.90191350307913,366.6430558668919,370.93239159207394,147837.60319236427,6206430139.927071,2024-08-22
377.0,378.6,373.6,375.6,130556.0,4915768320.0,375.6077136367121,380.16367259099695,370.62079495419357,377.2369472463544,170942.87035913183,6795103678.719259,2024-08-23
378.0,384.8,377.6,382.0,162511.0,6187193344.0,375.43235178027663,376.38704420000136,369.00550585346167,371.721652890176,154615.3139648668,6157167057.519092,2024-08-26
378.0,382.6,377.2,381.8,136755.0,5201725952.0,384.31554760887917,388.27771258032413,378.5182943986813,382.9011810002939,192892.22017950454,7727924235.472858,2024-08-27
383.0,383.0,372.4,374.2,146025.0,5488468992.0,384.65273129028014,389.3929835324126,378.89649238033815,382.65419807038205,169538.65972086857,6659782676.587948,2024-08-28
370.0,378.0,369.0,377.6,128904.0,4823697920.0,374.49442925278896,376.8900797550533,369.051159087958,371.0158631405218,169437.82644113462,6916615488.488451,2024-08-29
377.6,385.6,376.8,382.0,308733.0,11814703104.0,375.46945570757487,380.54575239540907,370.8038709817333,378.07936017051907,156282.32059320272,6332244279.530989,2024-08-30
380.0,383.2,376.4,377.8,138787.0,5266962944.0,384.49814278262215,388.66919639597097,378.1344504580196,381.55870929313863,229582.08498312096,9361831443.679415,2024-09-02
378.0,381.4,374.8,378.2,98149.0,3712929024.0,375.7065891053897,380.7205375420923,371.86121623560774,378.89924388150104,152662.57010990474,6269560505.787479,2024-09-03
374.2,376.6,371.2,372.8,132789.0,4953267712.0,375.715198231292,380.2334291563029,371.1758820737435,377.548625417919,134309.5858791019,5900788693.666233,2024-09-04
370.4,376.6,370.4,373.4,95763.0,3573609728.0,374.17422518687266,376.96403163885714,369.15205363516424,372.38693292595923,158751.2978564594,6481355385.090138,2024-09-05
370.0,371.2,365.2,371.2,200782.0,7403940864.0,374.0351654595901,376.58873313288433,369.2317870448683,371.0152439337421,142840.6433166836,6085877597.824673,2024-09-09
369.2,370.6,366.0,368.6,123034.0,4541788160.0,372.76726773130395,377.2171038611455,365.10947802769647,372.6752113153979,172527.24050116172,6946490763.3954115,2024-09-10
366.6,370.6,365.0,370.2,120436.0,4427792896.0,370.7698368094036,372.59413751321244,365.9795500439829,368.0690014350838,161354.56786541338,6908479806.091728,2024-09-11
371.0,377.0,369.6,372.6,138004.0,5155819520.0,370.7698368094036,373.8746927133041,362.55292608776296,368.34116055655596,168482.94704033603,8530417596.1493225,2024-09-12
372.8,376.8,372.8,374.8,110138.0,4126159616.0,373.99116471460803,377.55979010837365,369.55914486362076,373.4179875153096,179443.41352428866,7064670604.221436,2024-09-13
372.6,377.8,370.4,377.8,76892.0,2888661760.0,374.00080846147034,376.58873313288433,369.40128502760666,372.02995216007923,140064.17236811505,5928199231.79594,2024-09-16
372.0,381.4,372.0,380.0,101479.0,3843832320.0,375.69843198451434,380.37886449180553,371.1449410654282,379.4053843135294,130117.01282438204,5534016495.674043,2024-09-17
379.6,389.8,376.6,388.8,258020.0,9956352000.0,383.0685232981889,377.21759926775275,372.5444203345606,374.9606375230219,141257.98814509762,6057648506.56425,2024-09-19
390.0,393.4,383.8,388.6,284071.0,11037803520.0,390.83463312175127,391.90599743961235,381.36629720593083,383.8538835753187,192565.45423257942,8473808904.45941,2024-09-20
388.0,392.0,385.2,387.6,152230.0,5901922304.0,389.1103778423303,395.97448305390543,381.38818160261104,387.38055107429795,209042.91611743934,8544821141.853429,2024-09-23
393.0,402.2,389.4,402.2,429190.0,17036650496.0,390.9243858159783,396.3096144413965,382.35056880416585,387.856204387628,176033.10393721767,6858308282.9077,2024-09-24
418.0,418.0,401.4,405.4,401121.0,16419449856.0,401.0296761796198,405.01790381023534,395.0657094202392,399.20075791022055,241120.69541430418,12359009805.183254,2024-09-25
408.0,430.0,406.8,430.0,502549.0,21170862080.0,407.1759862946411,419.63367884465265,403.3161078374502,412.2413123223412,306709.96732127824,9313532020.785519,2024-09-26
443.2,444.8,432.6,437.8,571548.0,25050355712.0,431.3336556657738,434.1476306828417,419.5813686121097,425.70411553727985,982022.3561906907,26719049317.479095,2024-09-27
449.6,457.4,434.2,444.6,754595.0,33640910848.0,435.97360953517534,438.5172454692961,428.2773039941686,430.000628417487,1014314.2378240405,25734737224.712994,2024-09-30
450.0,479.6,449.2,470.0,487669.0,22740695040.0,438.8871420321291,447.02864352808797,429.9009103994593,439.3621000410919,1517542.7569213116,84088009000.49411,2024-10-02
471.0,476.6,453.2,466.2,316008.0,14666391552.0,464.3111974544802,471.79856278807205,459.1794833769949,464.67295980279096,842724.5345577486,26329885972.194485,2024-10-03
470.0,479.0,462.2,477.6,246637.0,11687744512.0,460.8124962504883,470.1982291291193,455.29745815110863,474.8067571785385,395219.1037025402,16938553877.447355,2024-10-04
479.8,482.4,469.6,478.4,253344.0,12100494336.0,483.2871031394689,490.9802677803256,467.20038529816935,475.5358347737405,220863.5052777857,11479083533.181107,2024-10-07
472.0,476.8,438.6,438.6,704680.0,31910930432.0,481.4763422574298,487.9868340844635,468.3245644439079,472.1240716435481,234282.33510616331,11832666296.868748,2024-10-08
449.0,453.0,424.0,434.2,463729.0,20395255808.0,436.18123057474736,447.87071424455024,430.9735213729726,437.0689968333285,381384.3211235595,23004624878.883957,2024-10-09
438.0,448.6,436.4,438.8,331112.0,14647697408.0,435.9563340894415,445.50474300156117,423.1110376948599,434.3600862500586,407040.8985344311,18664357614.87686,2024-10-10
440.8,440.8,424.0,436.0,303168.0,13164336128.0,443.45252749075365,450.46018320957995,436.7333245446782,447.77206695171424,282888.374471454,14627655717.077194,2024-10-14
433.8,433.8,412.6,417.0,334784.0,14096595968.0,436.94203837135126,441.4585428098252,424.74913933891463,435.08318859929426,270715.4974584593,11293207246.896906,2024-10-15
415.0,425.8,412.6,415.8,224903.0,9408092160.0,414.4686506612542,426.54762780439745,411.8144430449112,420.9097728129482,264166.9594645306,11769336345.148972,2024-10-16
418.0,426.8,410.0,412.6,164769.0,6891360768.0,413.1336820408373,424.9452461270754,406.38446418298645,417.96660364057294,234857.25091945453,10268911466.861555,2024-10-17
412.6,435.6,411.4,430.8,259639.0,11032074240.0,413.3027694470394,425.00657211657574,407.35611592214,416.7149932298068,185335.15244782955,10140839998.146439,2024-10-18
430.6,431.4,419.2,421.0,163341.0,6931274752.0,432.04357345802066,435.9256580920559,419.8842574967873,428.7534205522225,235709.31847930723,11281395362.36067,2024-10-21
423.2,423.6,418.0,421.6,110277.0,4640118272.0,422.0325080826486,430.0330749901298,419.57788278814587,423.0793020963936,209006.08537126932,9199948566.491253,2024-10-22
423.0,432.2,416.6,428.2,146570.0,6257381376.0,424.71719357064904,431.2589866562879,419.89021118941787,423.7763622126141,145817.03338554324,7812299970.200594,2024-10-23
425.0,425.6,419.6,422.0,112028.0,4728257024.0,426.98676522632496,431.5640617386757,418.73555302051165,426.8383027868273,167680.62359975275,9483964342.263113,2024-10-24
427.6,427.6,418.6,421.0,119519.0,5042478592.0,423.5214601560217,425.7543723719075,416.239858138454,420.7780872159011,177489.69137585876,8288204270.941953,2024-10-25
421.0,422.2,413.6,417.2,155519.0,6490536448.0,423.0876380939949,427.6176807571886,416.8252218951314,422.4421891344628,172646.0335071046,7675837183.078255,2024-10-28
419.4,423.4,415.2,418.4,137978.0,5779088384.0,413.8001890878506,423.3664458838955,408.3877320555487,417.17591035473436,177708.33117588327,8028954265.50112,2024-10-29
413.6,418.0,410.6,411.0,178955.0,7390929408.0,415.8931402829613,423.90910028547376,408.69909633683636,415.9669577777781,180257.54032796586,8395272584.72046,2024-10-30
410.4,418.8,404.6,404.6,227537.0,9311202304.0,412.189921459108,420.29971525582346,404.96513606060773,417.15996244678934,181634.01692648718,8376741210.785265,2024-10-31
406.0,422.4,406.0,419.2,210866.0,8772958208.0,408.9981581214179,420.6153094031282,404.7178462731527,415.6138772496272,202191.51412730088,9645667213.57627,2024-11-01
423.0,423.8,416.0,419.0,117061.0,4907801088.0,416.4153356497654,423.9177599700077,408.99237339036773,416.05214176900586,218310.26976991945,9918259854.298521,2024-11-04
415.2,427.8,415.2,427.8,152709.0,6467649536.0,414.40240880923466,423.3903464561825,409.6692121332744,416.9755706917014,128826.00237261335,6464692544.260364,2024-11-05
425.0,426.2,413.2,419.8,207552.0,8721758208.0,424.9455521640135,430.0900919259453,419.86914133120985,426.8645935662508,169259.95718893854,7737557225.346963,2024-11-06
417.0,429.6,414.4,428.4,199240.0,8451855360.0,414.03172896740705,422.7800245280255,413.08485779359665,420.8723613065869,190684.7403959742,9162998968.335697,2024-11-07
435.0,436.0,419.4,420.8,193898.0,8248755200.0,426.0214767084248,429.6437765519247,419.6933964185841,426.72621602170364,186021.22263854693,9207803447.375715,2024-11-08
412.0,415.6,409.4,413.2,228576.0,9415370752.0,422.7934805800238,429.93190512530276,417.3655986651094,422.0818320376637,201651.79722194668,9354680122.198206,2024-11-11
409.4,413.8,403.0,403.8,273033.0,11097703424.0,411.854417318263,414.76839946391516,403.78750149220593,409.94047145163216,227893.54902699328,10500341207.101141,2024-11-12
397.2,407.2,396.0,403.8,283072.0,11330713600.0,408.68778998845534,416.13427475678026,403.82351714237035,410.53630793639724,256659.4400401207,10586624207.067402,2024-11-13
401.6,415.0,397.8,403.4,348989.0,14209880064.0,408.7050752753048,416.34289871399744,399.31804938078153,404.30077418676564,250721.47771885328,10635321773.341183,2024-11-14
404.0,407.0,399.0,401.0,290613.0,11694319616.0,405.06567080574047,406.9645711630449,399.11570226081653,400.4958857965376,275752.6487143975,11375009189.703505,2024-11-15
405.2,413.4,401.6,404.2,204935.0,8334918656.0,401.10088259228525,407.650416083269,395.6884353513493,399.64481641725945,257715.413943503,10597931177.00951,2024-11-18
406.6,409.0,403.4,406.2,138793.0,5642161152.0,409.24912573068394,416.00180537888536,404.09742581870404,407.5887916815522,231131.96054215543,10492489222.88491,2024-11-19
408.2,413.8,406.2,410.8,150051.0,6154782208.0,409.79790093184977,416.67448904130896,406.4814215773444,412.19989093497804,194411.14906831962,8307952466.525818,2024-11-20
409.4,411.4,407.0,407.6,125017.0,5113866752.0,411.5045202699627,414.3957644119944,404.4149131050832,409.9830763020364,186858.0445076406,9026703552.140507,2024-11-21
408.8,412.4,399.6,400.6,169495.0,6864777728.0,411.3214597976981,415.2381129497213,404.3847867447592,409.57057019301743,175739.19188882885,7822386800.660145,2024-11-22
400.0,402.4,393.8,395.2,278883.0,11050847232.0,398.8125859272403,406.3424968417313,395.0849900933687,405.4207614382504,193482.4971012605,8569784506.08195,2024-11-25
392.2,399.2,392.2,393.8,169406.0,6691212288.0,391.80184878559106,399.9082712299716,385.27055000366545,394.38421713000326,240038.42061359322,10160348498.90726,2024-11-26
394.6,406.2,392.0,402.8,166856.0,6663311872.0,391.78780870692134,396.79452253972397,385.0038056102785,391.2838954589949,206914.97137142235,8860249388.544691,2024-11-27
401.4,404.2,397.4,400.0,130676.0,5231565824.0,405.0370195360711,407.2599070728272,400.01451656602933,399.63606703145217,211473.9721861252,9031242775.331125,2024-11-28
395.0,402.8,395.0,398.0,156270.0,6222579200.0,399.3994201784051,406.19396596778074,395.8977598070518,400.523877066888,192318.89826245498,7499948285.559311,2024-11-29
398.0,401.6,395.6,399.8,133344.0,5315344384.0,399.1713777699733,400.3786361786578,393.57344521065625,394.3230319346323,173974.45546448906,7847887168.932668,2024-12-02
403.2,404.4,394.4,404.4,183626.0,7349822976.0,399.5728369038074,404.8729234166244,396.83480367804765,399.1191806498157,148425.90191809446,6428162645.814743,2024-12-03
402.2,405.6,399.8,403.2,140532.0,5659584512.0,409.36139486149125,413.9436172263735,399.6922977143939,404.28909073517013,198764.26950002668,7436435300.945987,2024-12-04
403.4,406.6,400.8,405.2,133148.0,5387437568.0,405.16416345673883,405.56907782727137,399.8616256426765,404.36807174399,164554.1461451115,7045206820.52271,2024-12-05
406.8,414.6,405.0,412.6,277114.0,11355635712.0,409.0400764600894,414.3634157607941,404.78954885440254,408.5744028289847,156004.9065204386,7141642328.169014,2024-12-06
406.2,421.2,406.2,418.8,224619.0,9280106496.0,411.38815415606547,414.79049823014,404.5927825430241,410.6044454746527,230914.61014152082,10103545608.55969,2024-12-09
430.0,431.0,410.4,411.2,302828.0,12685586432.0,414.01632763427256,421.1943861393134,408.43223704134914,415.0769411806581,205078.87521380818,9609722159.83697,2024-12-10
414.8,415.0,407.2,409.8,130982.0,5375398400.0,411.8897127424534,420.9638241576162,405.36107120379626,416.5140974002072,248322.04498190136,10567681389.379759,2024-12-11
414.0,422.8,409.2,415.6,234143.0,9764008960.0,411.74056735815503,415.7403603881225,406.0099915926634,411.6536255641217,173767.5192539777,7375264814.943227,2024-12-12
413.0,415.0,408.6,409.8,162961.0,6700157952.0,412.18785811685785,422.20362967885626,408.1074952941681,415.5341492179985,211676.8094159301,9970040953.649183,2024-12-13
410.0,411.4,403.8,405.6,140598.0,5717888000.0,411.4529581844289,415.86994323323626,406.2283736074949,411.8901940780316,197921.92200315182,7989356707.366501,2024-12-16
402.0,408.0,401.8,402.6,167790.0,6775381504.0,408.9291564356506,415.4788371819001,405.48062802902166,409.92418401537543,170864.60788708247,7360069111.213109,2024-12-17
408.0,408.8,404.0,406.0,149061.0,6055023104.0,405.112601371205,406.61371832336505,403.7766483085796,403.25819121501246,194287.94810540715,8623943355.806452,2024-12-18
402.2,422.0,401.4,415.2,346712.0,14310456320.0,408.63861732625526,414.49872074991157,404.04911799284235,408.78759816213113,180719.4357662349,8179894984.35976,2024-12-19
414.2,429.8,414.2,426.4,448340.0,19091460096.0,412.3236193522088,420.48162525713184,407.13970339882843,412.5774014935464,253312.26940078603,11309790720.558533,2024-12-20
430.6,431.0,416.2,420.2,208562.0,8789977088.0,423.29625962653745,429.8748939040758,417.92383802541724,424.05338524439475,349501.34886465647,13505873969.008263,2024-12-23
421.0,421.6,417.6,420.0,78738.0,3304033792.0,418.1053267431138,423.5228471684649,417.3858678353772,420.17470574920475,239739.67584234764,10251694810.2455,2024-12-24
417.6,421.0,415.6,417.4,135451.0,5658808320.0,417.70679711389755,423.101079161045,418.7128491938419,422.2226440998444,131290.34978586796,5804618651.653494,2024-12-27
418.0,421.8,415.8,419.0,135156.0,5658833920.0,413.86268578881413,422.8310433186714,409.26775065016767,418.71236449385003,160335.54307415226,7224050490.363058,2024-12-30
417.2,421.4,415.8,417.0,108673.0,4549302272.0,415.6829664776545,422.99168351530625,409.4308407746583,417.25193801217205,157936.56271989967,7161785337.405778,2024-12-31
417.0,425.0,413.6,416.0,207330.0,8663881728.0,413.8759155771331,424.70607597086746,409.37377549397297,416.14528358129326,208329.64551092012,9357164339.74755,2025-01-02
418.0,419.0,410.4,414.2,168432.0,6981757440.0,414.2088996810261,420.7760643262517,408.52767884229326,417.49807226561245,215038.26787275093,9353460391.54114,2025-01-03
415.0,415.0,407.2,409.4,168693.0,6913962496.0,411.86496461385553,420.08367521803495,407.1275563609137,416.0624379572511,239351.38197197515,12167948195.588076,2025-01-06
380.6,392.8,376.6,379.6,1429205.0,54765125632.0,412.6600028161131,416.4376119428318,402.07543882779356,411.11198858750186,339063.93573142006,11218357645.631882,2025-01-07
371.2,379.8,365.6,369.2,954562.0,35455057920.0,385.14512306225015,389.6545399071125,363.3181284817925,381.93722364110283,916174.8191468758,33672626805.385117,2025-01-08
365.0,379.4,365.0,373.4,605784.0,22635954176.0,381.53268056907484,384.40025213579815,360.74936482955536,363.78362614928665,1060355.8978838327,41426034763.199524,2025-01-09
373.6,379.4,369.6,369.6,370539.0,13862841344.0,373.33989594862095,383.5646563176639,368.13512289223144,379.5065585436475,1447169.794448966,23743865773.659668,2025-01-10
364.8,371.6,364.8,366.0,347850.0,12807672832.0,368.0595204466165,372.2316426339379,360.908010031517,368.28203894503196,552087.900481132,19446698973.64461,2025-01-13
365.6,379.6,365.6,375.0,406238.0,15194363904.0,371.4250998637867,375.2386635677975,362.3224631457441,370.4450249960621,384641.08127217856,13594503850.85932,2025-01-14
373.4,385.4,373.0,380.0,291583.0,11078585344.0,372.6213194779145,378.41412487454227,364.31993669586194,367.2895546434138,321026.958512402,16066822022.495308,2025-01-15
384.0,386.6,376.6,382.4,261411.0,9980556288.0,382.92580544290223,383.11650884522754,373.4118390214569,374.3200270832701,356088.30893854855,9592546770.976204,2025-01-16
381.0,382.2,378.4,379.8,171383.0,6508061184.0,382.72317173091676,391.03261526500233,378.3542037809882,382.4626298940879,263138.28771173395,9124286329.247385,2025-01-17
380.2,392.8,380.2,389.8,311414.0,12097854464.0,384.80854048769146,384.95565018753103,371.9795377911391,381.2511588977109,222092.86129495353,8698007499.71325,2025-01-20
392.0,392.2,386.4,387.4,252497.0,9804257280.0,391.1294768174163,395.58831807425406,388.4622865130183,393.54224638498647,297073.7585658273,10034810811.993767,2025-01-21
385.0,388.6,381.0,383.4,178591.0,6847451648.0,390.29311414849803,397.830266305807,382.1439251260016,387.7218845556443,228050.0680409939,9102132714.497526,2025-01-22
383.0,386.0,379.6,381.2,212568.0,8126061568.0,387.82324742079345,390.9539832747814,381.45051444960086,383.6958097305085,199104.67187086627,8329804190.603775,2025-01-23
383.2,392.4,382.2,390.6,240791.0,9365231616.0,385.088163660379,390.6235892844329,378.80695017881783,382.25696790778295,231257.01995790863,9228123221.300621,2025-01-24
388.0,398.0,388.0,395.6,236059.0,9317465088.0,389.9691674532762,394.36769615532677,383.7496628247243,388.6786866517382,241321.786741334,10079984142.702648,2025-01-27
401.0,406.0,399.0,401.2,142035.0,5712247808.0,390.05007223494556,397.62550681751304,384.303234991086,390.211466242055,239861.1782025254,10189501812.978506,2025-01-28
400.0,404.8,394.2,404.2,279178.0,11162153984.0,400.9443833470346,405.61394954570886,394.96966613048323,399.07672636750874,181435.52069705923,6891450656.054533,2025-02-03
409.2,421.2,407.0,420.8,312763.0,13026603008.0,409.02360083239574,413.6293767491745,399.17204831915024,403.35042079960544,258171.8421558182,9841772190.239285,2025-02-04
421.6,421.6,410.0,417.8,321294.0,13372039168.0,422.3589058670515,425.72726343957595,415.8076235031695,420.74807760660235,297569.0711310598,10806830748.76118,2025-02-05
416.2,420.4,413.4,420.4,195851.0,8177045504.0,413.60383377388575,421.853939463226,408.86759017297163,416.446677815108,274063.30749455007,10949844547.096605,2025-02-06
420.4,432.4,417.8,428.2,345675.0,14741791744.0,422.8414343358342,427.3629950737215,417.36349487212516,421.3653278972484,230265.35196234073,9700686153.90231,2025-02-07
429.6,439.8,428.8,437.0,314113.0,13701175296.0,426.1359021005519,428.5624957033822,418.0751177811564,425.7404616469066,284150.0304062511,12581330795.377382,2025-02-10
440.0,441.2,425.6,427.4,308936.0,13324638208.0,435.639325109594,437.4207976636163,428.72413822543473,433.1642767617083,293478.5293803337,12301774717.20684,2025-02-11
429.0,444.6,426.0,444.2,382649.0,16740640768.0,424.2784814728446,430.3990072563393,419.7269036185017,428.35898394269867,261394.54475433013,11262098872.940256,2025-02-12
449.0,464.6,437.0,442.0,609857.0,27423907840.0,443.24523379662304,448.11359917469537,433.3275762346701,441.16280662940915,308175.6622734177,14179791873.87524,2025-02-13
449.8,474.8,446.6,474.8,745192.0,34511560704.0,441.2911888136656,446.9636370255443,433.9283930378711,438.21582551335155,1138758.1127334163,38023067372.88455,2025-02-14
506.0,512.0,485.0,493.6,1262236.0,63032651776.0,461.0459514097357,480.42707316387276,454.33063003420426,460.5746939293985,545657.592157889,27334882566.145653,2025-02-17
494.2,513.0,493.8,503.5,625295.0,31471022080.0,486.8846122334879,502.39918108386024,466.55915859592596,485.5172651590117,563843.0537385658,22707448575.609962,2025-02-18
500.0,500.5,493.2,497.8,341272.0,16979621888.0,502.27857440326966,513.313760244373,482.90395158981323,485.5681982998849,359196.9502004144,20300614772.550232,2025-02-19
491.2,493.0,482.6,486.8,345492.0,16830027776.0,503.1516204439963,518.4823286801933,485.43308392387297,504.78059828034117,403132.06943026476,15583702859.754972,2025-02-20
505.0,517.0,499.4,517.0,735452.0,37396803584.0,491.7101212214382,503.25965161852343,476.6879405131202,493.77224314898996,545848.379800934,21146186197.114914,2025-02-21
522.0,522.0,497.2,497.2,675428.0,34199697408.0,507.50400879773395,515.8490916718674,495.69131361968687,513.6546157323477,535918.9268036502,27621684289.648,2025-02-24
477.8,491.0,476.4,484.8,565095.0,27378432000.0,500.88747869938334,512.8612420590465,490.448070226732,499.5947133830097,421285.2951811036,29579822129.348682,2025-02-25
488.0,508.0,487.8,501.5,404897.0,20234074112.0,490.40229998784025,499.9431783635849,476.4168728249586,489.7630014497922,362039.3382232888,18561186064.06564,2025-02-26
503.5,512.0,491.6,495.4,389028.0,19434078208.0,506.02711568480925,516.3546005282824,486.3723420269451,506.0486567653523,430535.11118033587,19370731447.141926,2025-02-27
492.8,497.8,476.0,478.6,521608.0,25187448832.0,507.58081971987946,519.8340627545716,499.8881475857142,513.7880151425296,316863.7564510735,16342235341.793505,2025-02-28
483.6,497.0,479.8,483.2,327520.0,15971446784.0,486.6375013917439,503.31988864389984,485.02215332544404,492.8543892854734,347232.62090587296,16229103539.06407,2025-03-03
479.0,493.0,473.2,491.0,311250.0,15131839488.0,489.40938883853204,503.7604241392039,481.2678446352093,493.1879159124327,385145.8377207286,14735587713.285246,2025-03-04
502.0,509.0,498.0,505.5,351658.0,17704411136.0,492.07208139568104,500.53138034326446,477.60636070577664,498.3542280316448,397749.49348215683,12665725701.897863,2025-03-05
521.0,544.0,521.0,544.0,796839.0,42493521920.0,501.21988269869865,513.7066284221444,493.10673797954513,505.8195028802045,432545.3273912276,18333190476.63327,2025-03-06
539.0,547.0,529.0,533.5,464944.0,24958095360.0,537.7917188090522,552.4195000841137,523.639667535715,545.3570810557254,513214.7428592688,34677455567.69546,2025-03-07
528.0,537.5,512.0,516.5,344150.0,17943130112.0,539.3918020290134,547.9923074186846,534.6285803349529,540.603273715618,356542.5701200826,18465659012.86827,2025-03-10
501.5,520.0,500.5,517.5,338528.0,17316784128.0,527.8658763463928,539.3108342362013,524.5231199686896,522.5759125950652,341909.9204075951,19755121322.261177,2025-03-11
523.0,525.0,505.0,512.0,280311.0,14392005632.0,520.1450013171597,523.2609287425596,506.33050047303163,515.1023310249816,517101.1938432253,16148618100.191248,2025-03-12
513.0,516.0,499.2,507.5,273269.0,13847803904.0,514.1276314578972,524.4921559548367,504.30006848230175,513.2851285061907,275880.83207624493,13678738588.108706,2025-03-13
513.0,531.0,507.5,521.5,307117.0,16031720448.0,509.890812773162,511.1097512263954,493.8903598134591,504.37475141280026,228005.70350656664,15765238116.275978,2025-03-14
532.0,534.5,522.0,524.5,220962.0,11643060224.0,513.3233413033273,522.1649679854037,507.09077285392607,520.4384053306821,385740.43354554306,13102436561.483154,2025-03-17
538.5,543.5,533.5,541.0,336398.0,18122094592.0,525.030909545183,534.0229102916509,511.59231134097945,523.9333829630262,234869.18513341172,12226481825.6749,2025-03-18
542.5,545.0,534.0,540.0,316042.0,17070298112.0,541.0302303896451,548.7693190061136,533.8021034445037,538.0851570823337,309757.54657062073,17457931158.637337,2025-03-19
540.5,541.0,518.0,519.5,498450.0,26156574720.0,544.1181992836638,548.6144081921508,537.0472301430221,542.6092963261663,278421.97958794126,13866029687.383627,2025-03-20
518.0,526.0,505.5,511.5,422605.0,21649094656.0,529.5759328727016,538.1248502090586,531.2415958926517,528.2865283546357,359783.6438628779,15328548842.123486,2025-03-21
514.0,517.5,504.5,513.0,245986.0,12575592448.0,514.0395579043204,522.432891102835,500.5999494583137,507.6857313786038,335532.4343725136,18468892042.49431,2025-03-24
513.0,515.5,501.0,502.0,277449.0,14019728384.0,514.922718147311,524.7779538722716,501.06061693770283,517.021981811478,258732.46241870784,13916428933.713892,2025-03-25
502.0,510.5,502.0,506.5,173106.0,8757798912.0,506.1377997394033,516.5143926831155,496.9822378742859,512.1118070993591,268812.10771524545,14035521062.840666,2025-03-26
509.0,516.0,502.0,509.0,175956.0,8980372480.0,506.2685716458895,516.1428622535174,494.1659949663276,507.7074542033463,224590.94795924213,12478168674.874456,2025-03-27
511.5,516.5,503.5,509.5,185943.0,9479836672.0,508.28926986418827,512.1596024202889,492.37078076445124,505.0404645029713,230580.11114975237,11484616736.840961,2025-03-28
505.0,507.5,494.6,497.0,280370.0,13996725248.0,507.00202430526855,512.4593416546002,492.4080848441974,499.1395642186181,223486.51058377067,11828764287.078375,2025-03-31
501.0,511.5,500.0,504.0,195180.0,9865122816.0,498.9173565026595,508.9192800368536,488.41049811618416,491.527731970221,261321.04431904244,12771196767.155762,2025-04-01
505.0,509.0,499.2,504.0,142475.0,7168421888.0,505.4283673225556,511.2327955021041,493.11291214539114,497.0215956665894,209259.86779525285,11331085049.333893,2025-04-02
493.0,500.5,491.2,497.8,292196.0,14472385536.0,509.3119819037805,509.36400215072615,497.25021836735596,497.49146647478136,187297.7074980049,10094004087.820936,2025-04-03
441.8,462.4,431.0,435.4,1233641.0,54994759680.0,504.74661140070566,509.62147774537647,491.47852275690286,498.15367729215365,251151.53911209767,12446943291.526928,2025-04-07
440.8,451.2,430.0,440.4,651201.0,28693495808.0,434.1027807915337,446.9897675560409,416.3055341937192,431.01126260696134,819860.568408062,28725862374.781746,2025-04-08
426.0,447.0,419.0,441.2,664842.0,28808417280.0,444.50194434869286,447.67461372413453,432.55596374636116,443.4405946143716,347213.2139600608,18803397410.56885,2025-04-09
460.0,461.6,443.0,444.8,578000.0,26103189504.0,447.2285550348674,444.5979682972251,432.1388008026274,451.51547419259583,386294.295137942,16733059573.961704,2025-04-10
440.0,452.6,432.0,443.4,465946.0,20558651392.0,447.22586700800395,455.52904860852425,432.8752107775905,444.71190223411435,386052.958673299,16585266509.575478,2025-04-11
453.0,459.2,448.8,454.0,303465.0,13773743104.0,446.80252179525695,453.7412990164112,433.37521344362955,450.46178064057864,469562.09541004215,20902543621.487026,2025-04-14
464.6,464.6,451.6,456.0,202454.0,9242295296.0,455.00189671995804,461.774234640786,444.4554684657308,453.9777865335239,278806.87589187577,23027185326.019844,2025-04-15
450.6,451.6,440.2,448.0,273228.0,12171377664.0,450.307814661469,458.25366180557796,442.1110252904393,452.4121371831459,186594.02418157697,10726085514.908037,2025-04-16
450.4,462.0,449.8,458.0,244798.0,11188898816.0,447.03305996043315,453.612826943116,440.1592434662052,451.4863613704697,389828.7025427964,12419604653.279436,2025-04-17
460.0,462.8,453.2,460.4,240437.0,11018599424.0,455.51334434165364,466.4799554629346,453.4215596482793,462.3555779426311,242383.09282585717,11116502220.926039,2025-04-22
476.0,479.4,471.4,474.2,270014.0,12813464576.0,462.6388692401746,467.59228257370086,459.26234631386194,463.45027908594705,232812.9015728383,9910341973.695114,2025-04-23
